date,1. open,2. high,3. low,4. close,5. volume
2019-03-25 09:31:00,78.96,78.96,78.96,78.96,0.0
2019-03-25 09:32:00,78.87,78.87,78.87,78.87,2171.0
2019-03-25 09:33:00,78.85,78.85,78.85,78.85,511.0
2019-03-25 09:34:00,78.74,78.75,78.66,78.75,3291.0
2019-03-25 09:35:00,78.69,78.69,78.67,78.67,1933.0
2019-03-25 09:36:00,78.85,78.85,78.85,78.85,1299.0
2019-03-25 09:37:00,78.85,78.93,78.85,78.93,1966.0
2019-03-25 09:38:00,79.03,79.18,79.03,79.18,3660.0
2019-03-25 09:39:00,79.25,79.25,79.25,79.25,982.0
2019-03-25 09:40:00,79.25,79.28,79.24,79.28,5708.0
2019-03-25 09:41:00,79.28,79.28,79.23,79.23,2031.0
2019-03-25 09:42:00,79.22,79.22,79.22,79.22,1362.0
2019-03-25 09:43:00,79.25,79.25,79.24,79.24,2178.0
2019-03-25 09:44:00,79.24,79.24,79.19,79.19,2150.0
2019-03-25 09:45:00,79.09,79.09,79.09,79.09,880.0
2019-03-25 09:46:00,78.955,78.955,78.955,78.955,1301.0
2019-03-25 09:47:00,79.03,79.03,79.03,79.03,3077.0
2019-03-25 09:48:00,79.0,79.0,78.97,78.97,2020.0
2019-03-25 09:49:00,78.86,78.86,78.86,78.86,1106.0
2019-03-25 09:50:00,78.85,78.85,78.84,78.84,2688.0
2019-03-25 09:51:00,78.87,78.87,78.82,78.86,4590.0
2019-03-25 09:53:00,78.9,78.925,78.9,78.9,6904.0
2019-03-25 09:54:00,78.84,78.84,78.84,78.84,1408.0
2019-03-25 09:55:00,78.83,78.83,78.82,78.82,1910.0
2019-03-25 09:56:00,78.79,78.79,78.79,78.79,442.0
2019-03-25 09:57:00,78.89,78.89,78.89,78.89,1558.0
2019-03-25 09:58:00,78.8592,78.8592,78.84,78.84,3143.0
2019-03-25 09:59:00,78.84,78.84,78.84,78.84,759.0
2019-03-25 10:01:00,78.8,78.86,78.8,78.86,1382.0
2019-03-25 10:02:00,78.92,78.98,78.92,78.98,2838.0
2019-03-25 10:03:00,78.96,79.0,78.945,78.945,3025.0
2019-03-25 10:04:00,78.92,78.92,78.92,78.92,827.0
2019-03-25 10:05:00,78.92,78.92,78.92,78.92,629.0
2019-03-25 10:06:00,78.92,78.92,78.92,78.92,611.0
2019-03-25 10:07:00,78.965,78.98,78.965,78.98,2302.0
2019-03-25 10:08:00,79.03,79.03,78.98,78.98,5205.0
2019-03-25 10:09:00,78.98,78.98,78.97,78.97,1374.0
2019-03-25 10:10:00,78.95,78.95,78.95,78.95,1031.0
2019-03-25 10:11:00,78.95,78.95,78.95,78.95,854.0
2019-03-25 10:12:00,79.0,79.0,78.95,78.95,2180.0
2019-03-25 10:13:00,78.9,78.9,78.9,78.9,732.0
2019-03-25 10:14:00,78.9,78.9,78.85,78.85,1882.0
2019-03-25 10:15:00,78.83,78.83,78.83,78.83,1458.0
2019-03-25 10:16:00,78.85,78.88,78.85,78.88,3709.0
2019-03-25 10:17:00,78.93,78.93,78.93,78.93,389.0
2019-03-25 10:18:00,78.91,78.91,78.91,78.91,933.0
2019-03-25 10:19:00,78.96,78.97,78.96,78.97,2012.0
2019-03-25 10:20:00,78.95,78.95,78.935,78.935,1499.0
2019-03-25 10:21:00,78.94,78.94,78.94,78.94,2087.0
2019-03-25 10:22:00,78.95,78.95,78.95,78.95,813.0
2019-03-25 10:23:00,78.96,78.96,78.92,78.92,2161.0
2019-03-25 10:24:00,78.93,78.93,78.93,78.93,1366.0
2019-03-25 10:25:00,78.97,78.97,78.97,78.97,1540.0
2019-03-25 10:26:00,79.02,79.02,79.02,79.02,1103.0
2019-03-25 10:27:00,79.06,79.07,79.05,79.07,4155.0
2019-03-25 10:28:00,79.03,79.03,79.03,79.03,1104.0
2019-03-25 10:29:00,79.13,79.13,79.12,79.12,2227.0
2019-03-25 10:30:00,79.12,79.12,79.12,79.12,635.0
2019-03-25 10:31:00,79.08,79.11,79.08,79.11,7253.0
2019-03-25 10:32:00,79.155,79.19,79.155,79.19,2276.0
2019-03-25 10:33:00,79.21,79.21,79.21,79.21,1070.0
2019-03-25 10:34:00,79.25,79.25,79.25,79.25,1160.0
2019-03-25 10:35:00,79.19,79.19,79.18,79.18,1708.0
2019-03-25 10:36:00,79.16,79.16,79.14,79.14,1983.0
2019-03-25 10:37:00,79.14,79.14,79.14,79.14,643.0
2019-03-25 10:38:00,79.19,79.19,79.19,79.19,505.0
2019-03-25 10:39:00,79.14,79.14,79.1,79.1,2238.0
2019-03-25 10:40:00,79.12,79.12,79.12,79.12,1665.0
2019-03-25 10:41:00,79.08,79.08,79.02,79.02,2984.0
2019-03-25 10:42:00,79.03,79.035,79.01,79.01,4097.0
2019-03-25 10:43:00,79.04,79.04,79.0,79.0,2955.0
2019-03-25 10:44:00,78.98,78.98,78.98,78.98,1238.0
2019-03-25 10:45:00,78.96,79.02,78.96,79.02,4395.0
2019-03-25 10:46:00,78.99,79.03,78.97,79.03,4003.0
2019-03-25 10:47:00,79.06,79.06,79.03,79.03,2461.0
2019-03-25 10:48:00,78.94,78.94,78.94,78.94,965.0
2019-03-25 10:49:00,78.96,78.96,78.96,78.96,2340.0
2019-03-25 10:50:00,79.01,79.01,79.01,79.01,1498.0
2019-03-25 10:51:00,79.12,79.17,79.12,79.17,3451.0
2019-03-25 10:52:00,79.14,79.27,79.14,79.27,2469.0
2019-03-25 10:53:00,79.29,79.29,79.29,79.29,689.0
2019-03-25 10:54:00,79.28,79.28,79.28,79.28,856.0
2019-03-25 10:55:00,79.27,79.27,79.26,79.26,3040.0
2019-03-25 10:56:00,79.24,79.355,79.24,79.355,3009.0
2019-03-25 10:57:00,79.375,79.375,79.375,79.375,1502.0
2019-03-25 10:58:00,79.36,79.37,79.36,79.37,2194.0
2019-03-25 11:00:00,79.37,79.37,79.32,79.32,2625.0
2019-03-25 11:01:00,79.3,79.3,79.3,79.3,814.0
2019-03-25 11:03:00,79.3104,79.32,79.3104,79.32,1845.0
2019-03-25 11:04:00,79.32,79.32,79.32,79.32,1333.0
2019-03-25 11:05:00,79.33,79.335,79.33,79.335,1601.0
2019-03-25 11:06:00,79.35,79.35,79.35,79.35,462.0
2019-03-25 11:07:00,79.4,79.4,79.38,79.38,2245.0
2019-03-25 11:08:00,79.42,79.42,79.42,79.42,1000.0
2019-03-25 11:09:00,79.45,79.45,79.45,79.45,3428.0
2019-03-25 11:10:00,79.43,79.43,79.43,79.43,1175.0
2019-03-25 11:11:00,79.44,79.44,79.44,79.44,761.0
2019-03-25 11:12:00,79.4161,79.4161,79.4161,79.4161,3077.0
2019-03-25 11:13:00,79.39,79.43,79.39,79.43,2210.0
2019-03-25 11:14:00,79.43,79.465,79.43,79.465,2881.0
2019-03-25 11:15:00,79.515,79.515,79.515,79.515,1141.0
2019-03-25 11:16:00,79.61,79.61,79.57,79.57,2752.0
2019-03-25 11:17:00,79.59,79.63,79.59,79.63,2675.0
2019-03-25 11:18:00,79.62,79.62,79.62,79.62,974.0
2019-03-25 11:19:00,79.63,79.63,79.625,79.625,863.0
2019-03-25 11:20:00,79.65,79.65,79.65,79.65,875.0
2019-03-25 11:21:00,79.67,79.67,79.67,79.67,915.0
2019-03-25 11:22:00,79.69,79.69,79.64,79.64,1781.0
2019-03-25 11:23:00,79.63,79.66,79.63,79.66,1393.0
2019-03-25 11:25:00,79.73,79.73,79.725,79.725,2500.0
2019-03-25 11:26:00,79.69,79.75,79.69,79.75,1354.0
2019-03-25 11:28:00,79.7591,79.78,79.7591,79.78,1249.0
2019-03-25 11:29:00,79.79,79.79,79.79,79.79,529.0
2019-03-25 11:30:00,79.84,79.84,79.84,79.84,1653.0
2019-03-25 11:31:00,79.81,79.81,79.8,79.8,3129.0
2019-03-25 11:32:00,79.83,79.8424,79.83,79.8424,1426.0
2019-03-25 11:33:00,79.795,79.795,79.77,79.77,1745.0
2019-03-25 11:34:00,79.68,79.68,79.68,79.68,1136.0
2019-03-25 11:35:00,79.706,79.706,79.69,79.69,3477.0
2019-03-25 11:36:00,79.665,79.665,79.665,79.665,2580.0
2019-03-25 11:37:00,79.65,79.65,79.64,79.64,1690.0
2019-03-25 11:39:00,79.63,79.63,79.61,79.61,2837.0
2019-03-25 11:40:00,79.67,79.67,79.65,79.65,1828.0
2019-03-25 11:41:00,79.62,79.62,79.62,79.62,2918.0
2019-03-25 11:42:00,79.58,79.585,79.58,79.585,2444.0
2019-03-25 11:43:00,79.58,79.58,79.58,79.58,1329.0
2019-03-25 11:44:00,79.58,79.58,79.53,79.53,1351.0
2019-03-25 11:45:00,79.52,79.52,79.52,79.52,885.0
2019-03-25 11:46:00,79.55,79.55,79.55,79.55,1459.0
2019-03-25 11:47:00,79.55,79.55,79.53,79.535,1880.0
2019-03-25 11:48:00,79.52,79.52,79.52,79.52,637.0
2019-03-25 11:49:00,79.47,79.49,79.47,79.49,1565.0
2019-03-25 11:51:00,79.43,79.47,79.43,79.47,1043.0
2019-03-25 11:52:00,79.46,79.5,79.46,79.5,1703.0
2019-03-25 11:53:00,79.48,79.48,79.46,79.46,2041.0
2019-03-25 11:54:00,79.445,79.445,79.445,79.445,735.0
2019-03-25 11:55:00,79.44,79.44,79.41,79.41,1580.0
2019-03-25 11:56:00,79.41,79.41,79.38,79.38,2101.0
2019-03-25 11:57:00,79.43,79.43,79.43,79.43,601.0
2019-03-25 11:58:00,79.5,79.5,79.5,79.5,680.0
2019-03-25 11:59:00,79.4101,79.4101,79.4101,79.4101,1488.0
2019-03-25 12:00:00,79.4,79.41,79.4,79.41,1122.0
2019-03-25 12:01:00,79.3716,79.3716,79.3716,79.3716,1016.0
2019-03-25 12:02:00,79.4,79.4,79.385,79.385,2150.0
2019-03-25 12:03:00,79.37,79.37,79.37,79.37,1915.0
2019-03-25 12:04:00,79.37,79.405,79.37,79.405,1731.0
2019-03-25 12:05:00,79.44,79.44,79.44,79.44,720.0
2019-03-25 12:06:00,79.47,79.47,79.47,79.47,833.0
2019-03-25 12:07:00,79.5,79.5,79.5,79.5,500.0
2019-03-25 12:08:00,79.51,79.51,79.51,79.51,1866.0
2019-03-25 12:09:00,79.44,79.48,79.44,79.48,2266.0
2019-03-25 12:11:00,79.455,79.47,79.455,79.47,1551.0
2019-03-25 12:12:00,79.545,79.545,79.545,79.545,1508.0
2019-03-25 12:13:00,79.505,79.505,79.505,79.505,1030.0
2019-03-25 12:14:00,79.48,79.48,79.45,79.45,1450.0
2019-03-25 12:15:00,79.48,79.48,79.48,79.48,424.0
2019-03-25 12:16:00,79.49,79.49,79.48,79.48,1843.0
2019-03-25 12:17:00,79.49,79.49,79.47,79.47,1228.0
2019-03-25 12:18:00,79.45,79.45,79.45,79.45,1408.0
2019-03-25 12:19:00,79.44,79.44,79.44,79.44,745.0
2019-03-25 12:20:00,79.48,79.5,79.48,79.5,2402.0
2019-03-25 12:21:00,79.51,79.51,79.51,79.51,402.0
2019-03-25 12:22:00,79.48,79.48,79.48,79.48,843.0
2019-03-25 12:23:00,79.48,79.485,79.48,79.485,1339.0
2019-03-25 12:24:00,79.46,79.46,79.46,79.46,598.0
2019-03-25 12:25:00,79.47,79.47,79.47,79.47,443.0
2019-03-25 12:26:00,79.47,79.49,79.47,79.49,2061.0
2019-03-25 12:27:00,79.49,79.49,79.49,79.49,732.0
2019-03-25 12:28:00,79.51,79.51,79.505,79.505,942.0
2019-03-25 12:29:00,79.43,79.43,79.43,79.43,1490.0
2019-03-25 12:30:00,79.44,79.44,79.44,79.44,572.0
2019-03-25 12:31:00,79.44,79.44,79.42,79.42,1970.0
2019-03-25 12:32:00,79.425,79.425,79.425,79.425,611.0
2019-03-25 12:33:00,79.37,79.37,79.35,79.35,1293.0
2019-03-25 12:34:00,79.31,79.31,79.31,79.31,1353.0
2019-03-25 12:35:00,79.28,79.28,79.26,79.27,2591.0
2019-03-25 12:36:00,79.25,79.25,79.22,79.22,1241.0
2019-03-25 12:38:00,79.2,79.2,79.2,79.2,1373.0
2019-03-25 12:40:00,79.16,79.17,79.16,79.17,1445.0
2019-03-25 12:41:00,79.17,79.17,79.17,79.17,1226.0
2019-03-25 12:42:00,79.165,79.165,79.15,79.15,793.0
2019-03-25 12:43:00,79.15,79.15,79.15,79.15,1100.0
2019-03-25 12:44:00,79.125,79.125,79.125,79.125,922.0
2019-03-25 12:45:00,79.18,79.18,79.18,79.18,753.0
2019-03-25 12:46:00,79.175,79.18,79.175,79.18,983.0
2019-03-25 12:47:00,79.16,79.16,79.16,79.16,803.0
2019-03-25 12:48:00,79.14,79.14,79.14,79.14,592.0
2019-03-25 12:50:00,79.17,79.17,79.165,79.165,1116.0
2019-03-25 12:51:00,79.19,79.22,79.19,79.22,1516.0
2019-03-25 12:52:00,79.24,79.24,79.24,79.24,285.0
2019-03-25 12:53:00,79.23,79.23,79.2,79.2,1148.0
2019-03-25 12:54:00,79.2,79.2,79.2,79.2,547.0
2019-03-25 12:55:00,79.21,79.23,79.21,79.23,1931.0
2019-03-25 12:56:00,79.2,79.23,79.2,79.23,1848.0
2019-03-25 12:58:00,79.22,79.27,79.22,79.27,1380.0
2019-03-25 12:59:00,79.295,79.31,79.28,79.29,3365.0
2019-03-25 13:00:00,79.26,79.26,79.26,79.26,1217.0
2019-03-25 13:01:00,79.34,79.345,79.31,79.31,3391.0
2019-03-25 13:02:00,79.2901,79.3,79.2901,79.3,1635.0
2019-03-25 13:03:00,79.31,79.31,79.31,79.31,652.0
2019-03-25 13:04:00,79.31,79.31,79.27,79.27,1509.0
2019-03-25 13:05:00,79.26,79.3,79.26,79.3,1615.0
2019-03-25 13:06:00,79.29,79.29,79.29,79.29,600.0
2019-03-25 13:07:00,79.36,79.3899,79.36,79.3899,2026.0
2019-03-25 13:08:00,79.35,79.35,79.35,79.35,602.0
2019-03-25 13:09:00,79.37,79.37,79.37,79.37,541.0
2019-03-25 13:10:00,79.34,79.34,79.34,79.34,730.0
2019-03-25 13:11:00,79.335,79.35,79.335,79.35,1042.0
2019-03-25 13:12:00,79.38,79.38,79.38,79.38,813.0
2019-03-25 13:14:00,79.46,79.515,79.46,79.515,1057.0
2019-03-25 13:15:00,79.515,79.515,79.515,79.515,652.0
2019-03-25 13:16:00,79.485,79.485,79.47,79.47,2799.0
2019-03-25 13:17:00,79.49,79.49,79.44,79.44,2632.0
2019-03-25 13:18:00,79.41,79.41,79.41,79.41,852.0
2019-03-25 13:20:00,79.41,79.43,79.41,79.43,1529.0
2019-03-25 13:21:00,79.43,79.43,79.43,79.43,763.0
2019-03-25 13:22:00,79.44,79.44,79.44,79.44,766.0
2019-03-25 13:23:00,79.46,79.46,79.41,79.41,1767.0
2019-03-25 13:24:00,79.4,79.4,79.34,79.34,3250.0
2019-03-25 13:25:00,79.39,79.39,79.39,79.39,794.0
2019-03-25 13:27:00,79.34,79.34,79.31,79.31,1318.0
2019-03-25 13:28:00,79.32,79.32,79.32,79.32,317.0
2019-03-25 13:29:00,79.31,79.31,79.31,79.31,336.0
2019-03-25 13:31:00,79.37,79.37,79.37,79.37,155.0
2019-03-25 13:32:00,79.35,79.35,79.32,79.32,1350.0
2019-03-25 13:33:00,79.29,79.29,79.27,79.27,2300.0
2019-03-25 13:34:00,79.28,79.29,79.28,79.29,968.0
2019-03-25 13:35:00,79.29,79.31,79.29,79.31,2465.0
2019-03-25 13:36:00,79.3,79.33,79.3,79.33,1806.0
2019-03-25 13:37:00,79.35,79.35,79.35,79.35,776.0
2019-03-25 13:38:00,79.33,79.35,79.33,79.35,1433.0
2019-03-25 13:39:00,79.33,79.33,79.33,79.33,564.0
2019-03-25 13:40:00,79.36,79.36,79.345,79.345,994.0
2019-03-25 13:41:00,79.33,79.33,79.33,79.33,101.0
2019-03-25 13:42:00,79.34,79.34,79.33,79.33,1110.0
2019-03-25 13:43:00,79.2724,79.2724,79.2724,79.2724,1062.0
2019-03-25 13:44:00,79.24,79.25,79.24,79.24,2076.0
2019-03-25 13:45:00,79.23,79.23,79.2,79.2,1324.0
2019-03-25 13:46:00,79.19,79.19,79.17,79.17,1986.0
2019-03-25 13:47:00,79.16,79.16,79.143,79.143,1840.0
2019-03-25 13:49:00,79.11,79.11,79.09,79.09,1993.0
2019-03-25 13:50:00,79.09,79.09,79.05,79.05,5583.0
2019-03-25 13:51:00,79.06,79.09,79.06,79.09,1528.0
2019-03-25 13:52:00,79.065,79.08,79.065,79.08,2694.0
2019-03-25 13:53:00,79.07,79.07,79.07,79.07,657.0
2019-03-25 13:54:00,79.1,79.1,79.07,79.07,1466.0
2019-03-25 13:55:00,79.05,79.06,79.05,79.055,1996.0
2019-03-25 13:56:00,79.025,79.025,79.025,79.025,1016.0
2019-03-25 13:57:00,79.06,79.07,79.06,79.07,2303.0
2019-03-25 13:58:00,79.07,79.1,79.07,79.1,920.0
2019-03-25 13:59:00,79.09,79.09,79.09,79.09,508.0
2019-03-25 14:01:00,79.11,79.135,79.11,79.135,1176.0
2019-03-25 14:02:00,79.16,79.16,79.15,79.15,1306.0
2019-03-25 14:03:00,79.17,79.17,79.17,79.17,221.0
2019-03-25 14:04:00,79.21,79.21,79.21,79.21,834.0
2019-03-25 14:05:00,79.2,79.2,79.18,79.18,802.0
2019-03-25 14:06:00,79.14,79.14,79.14,79.14,1401.0
2019-03-25 14:07:00,79.14,79.14,79.11,79.11,2805.0
2019-03-25 14:08:00,79.12,79.12,79.12,79.12,820.0
2019-03-25 14:09:00,79.11,79.11,79.11,79.11,769.0
2019-03-25 14:10:00,79.095,79.1,79.095,79.1,1620.0
2019-03-25 14:11:00,79.08,79.08,79.065,79.065,856.0
2019-03-25 14:12:00,79.1,79.12,79.1,79.12,1340.0
2019-03-25 14:13:00,79.125,79.14,79.1,79.1,5547.0
2019-03-25 14:14:00,79.11,79.11,79.08,79.08,4450.0
2019-03-25 14:15:00,79.09,79.14,79.09,79.14,7390.0
2019-03-25 14:16:00,79.14,79.14,79.12,79.14,10776.0
2019-03-25 14:17:00,79.12,79.12,79.06,79.06,7671.0
2019-03-25 14:18:00,79.03,79.03,78.99,78.99,4860.0
2019-03-25 14:19:00,79.01,79.04,79.01,79.035,3601.0
2019-03-25 14:20:00,79.07,79.07,79.07,79.07,1403.0
2019-03-25 14:21:00,79.06,79.08,79.06,79.06,3755.0
2019-03-25 14:22:00,79.05,79.05,79.02,79.04,8349.0
2019-03-25 14:23:00,79.03,79.03,78.93,78.93,8247.0
2019-03-25 14:24:00,78.92,78.94,78.88,78.94,9940.0
2019-03-25 14:25:00,78.95,78.95,78.94,78.94,974.0
2019-03-25 14:26:00,78.93,78.93,78.93,78.93,408.0
2019-03-25 14:27:00,78.93,78.97,78.93,78.97,2653.0
2019-03-25 14:28:00,78.95,78.99,78.93,78.99,5361.0
2019-03-25 14:29:00,78.99,78.99,78.94,78.94,4132.0
2019-03-25 14:30:00,78.95,78.99,78.95,78.975,6676.0
2019-03-25 14:31:00,78.98,78.99,78.95,78.95,5768.0
2019-03-25 14:32:00,78.975,79.07,78.975,79.055,13346.0
2019-03-25 14:33:00,79.08,79.08,79.08,79.08,1850.0
2019-03-25 14:34:00,79.095,79.105,79.095,79.105,992.0
2019-03-25 14:35:00,79.095,79.11,79.095,79.11,1170.0
2019-03-25 14:36:00,79.12,79.12,79.12,79.12,583.0
2019-03-25 14:37:00,79.135,79.135,79.12,79.12,1404.0
2019-03-25 14:38:00,79.115,79.115,79.09,79.09,1865.0
2019-03-25 14:39:00,79.09,79.09,79.09,79.09,777.0
2019-03-25 14:40:00,79.12,79.135,79.12,79.135,942.0
2019-03-25 14:41:00,79.125,79.125,79.125,79.125,1494.0
2019-03-25 14:42:00,79.18,79.18,79.18,79.18,640.0
2019-03-25 14:43:00,79.16,79.195,79.16,79.195,3069.0
2019-03-25 14:44:00,79.215,79.215,79.215,79.215,220.0
2019-03-25 14:45:00,79.23,79.24,79.23,79.24,1066.0
2019-03-25 14:46:00,79.255,79.255,79.25,79.25,1230.0
2019-03-25 14:47:00,79.225,79.24,79.225,79.24,3422.0
2019-03-25 14:48:00,79.25,79.25,79.23,79.23,4415.0
2019-03-25 14:49:00,79.23,79.23,79.221,79.221,1455.0
2019-03-25 14:50:00,79.22,79.22,79.22,79.22,321.0
2019-03-25 14:51:00,79.23,79.26,79.23,79.24,1852.0
2019-03-25 14:52:00,79.23,79.23,79.23,79.23,894.0
2019-03-25 14:53:00,79.23,79.25,79.23,79.25,1433.0
2019-03-25 14:54:00,79.24,79.24,79.24,79.24,367.0
2019-03-25 14:55:00,79.25,79.25,79.25,79.25,2332.0
2019-03-25 14:56:00,79.26,79.27,79.26,79.27,2062.0
2019-03-25 14:57:00,79.32,79.32,79.32,79.32,1160.0
2019-03-25 14:58:00,79.34,79.37,79.32,79.37,4315.0
2019-03-25 14:59:00,79.37,79.37,79.34,79.34,2574.0
2019-03-25 15:00:00,79.35,79.35,79.35,79.35,669.0
2019-03-25 15:01:00,79.39,79.39,79.39,79.39,129.0
2019-03-25 15:02:00,79.39,79.41,79.39,79.41,1093.0
2019-03-25 15:03:00,79.41,79.41,79.4,79.4,1073.0
2019-03-25 15:04:00,79.395,79.395,79.37,79.37,1632.0
2019-03-25 15:05:00,79.35,79.35,79.35,79.35,1854.0
2019-03-25 15:07:00,79.37,79.39,79.37,79.39,1103.0
2019-03-25 15:08:00,79.38,79.38,79.38,79.38,401.0
2019-03-25 15:09:00,79.41,79.43,79.41,79.41,2564.0
2019-03-25 15:10:00,79.41,79.41,79.41,79.41,701.0
2019-03-25 15:11:00,79.45,79.45,79.45,79.45,1373.0
2019-03-25 15:12:00,79.44,79.485,79.43,79.485,3128.0
2019-03-25 15:13:00,79.51,79.51,79.51,79.51,1006.0
2019-03-25 15:14:00,79.55,79.56,79.55,79.55,3227.0
2019-03-25 15:15:00,79.55,79.57,79.55,79.57,1322.0
2019-03-25 15:16:00,79.56,79.59,79.56,79.59,1435.0
2019-03-25 15:17:00,79.57,79.58,79.57,79.57,1922.0
2019-03-25 15:18:00,79.54,79.54,79.5,79.5,2883.0
2019-03-25 15:19:00,79.51,79.535,79.51,79.535,1402.0
2019-03-25 15:20:00,79.53,79.53,79.53,79.53,910.0
2019-03-25 15:21:00,79.54,79.55,79.54,79.55,1640.0
2019-03-25 15:22:00,79.555,79.56,79.55,79.56,2928.0
2019-03-25 15:23:00,79.59,79.6,79.58,79.58,2291.0
2019-03-25 15:24:00,79.61,79.65,79.61,79.65,3088.0
2019-03-25 15:25:00,79.685,79.685,79.67,79.68,4373.0
2019-03-25 15:26:00,79.67,79.67,79.645,79.65,6397.0
2019-03-25 15:27:00,79.675,79.68,79.675,79.68,1106.0
2019-03-25 15:28:00,79.71,79.71,79.695,79.7,2365.0
2019-03-25 15:29:00,79.685,79.685,79.685,79.685,945.0
2019-03-25 15:30:00,79.665,79.665,79.63,79.63,4628.0
2019-03-25 15:31:00,79.6,79.64,79.6,79.61,2761.0
2019-03-25 15:32:00,79.58,79.58,79.58,79.58,1385.0
2019-03-25 15:33:00,79.55,79.57,79.55,79.57,2458.0
2019-03-25 15:34:00,79.57,79.58,79.57,79.58,2298.0
2019-03-25 15:35:00,79.565,79.57,79.565,79.57,2583.0
2019-03-25 15:36:00,79.555,79.555,79.53,79.53,2912.0
2019-03-25 15:37:00,79.54,79.54,79.52,79.52,3373.0
2019-03-25 15:38:00,79.52,79.55,79.515,79.53,7463.0
2019-03-25 15:39:00,79.5,79.5,79.43,79.43,3109.0
2019-03-25 15:40:00,79.41,79.42,79.41,79.41,2930.0
2019-03-25 15:41:00,79.4,79.42,79.39,79.39,5178.0
2019-03-25 15:42:00,79.39,79.41,79.39,79.41,3883.0
2019-03-25 15:43:00,79.42,79.43,79.41,79.41,3517.0
2019-03-25 15:44:00,79.43,79.47,79.43,79.47,2476.0
2019-03-25 15:45:00,79.495,79.52,79.495,79.52,4528.0
2019-03-25 15:46:00,79.525,79.58,79.525,79.58,6681.0
2019-03-25 15:47:00,79.595,79.6,79.58,79.6,5752.0
2019-03-25 15:48:00,79.59,79.59,79.55,79.55,7730.0
2019-03-25 15:49:00,79.54,79.54,79.46,79.46,8389.0
2019-03-25 15:50:00,79.44,79.44,79.43,79.43,2785.0
2019-03-25 15:51:00,79.44,79.48,79.44,79.48,4669.0
2019-03-25 15:52:00,79.51,79.51,79.465,79.465,4967.0
2019-03-25 15:53:00,79.45,79.5,79.45,79.5,5539.0
2019-03-25 15:54:00,79.48,79.52,79.48,79.52,8283.0
2019-03-25 15:55:00,79.54,79.54,79.5,79.53,7605.0
2019-03-25 15:56:00,79.49,79.49,79.45,79.45,8823.0
2019-03-25 15:57:00,79.43,79.54,79.43,79.54,9775.0
2019-03-25 15:58:00,79.52,79.61,79.52,79.59,12292.0
2019-03-25 15:59:00,79.6,79.61,79.555,79.555,9873.0
2019-03-25 16:00:00,79.5858,79.5858,79.51,79.51,16366.0
2019-03-26 09:34:00,80.37,80.37,80.22,80.22,15273.0
2019-03-26 09:35:00,80.3623,80.3623,80.3623,80.3623,1871.0
2019-03-26 09:36:00,80.32,80.32,80.32,80.32,1338.0
2019-03-26 09:37:00,80.45,80.45,80.43,80.43,2469.0
2019-03-26 09:38:00,80.37,80.37,80.37,80.37,636.0
2019-03-26 09:39:00,80.49,80.49,80.49,80.49,1009.0
2019-03-26 09:40:00,80.42,80.42,80.42,80.42,1018.0
2019-03-26 09:41:00,80.425,80.425,80.37,80.37,4083.0
2019-03-26 09:42:00,80.34,80.34,80.34,80.34,2167.0
2019-03-26 09:43:00,80.33,80.36,80.33,80.36,2700.0
2019-03-26 09:44:00,80.4292,80.4292,80.42,80.42,2854.0
2019-03-26 09:45:00,80.46,80.575,80.46,80.575,8699.0
2019-03-26 09:46:00,80.54,80.605,80.54,80.605,5920.0
2019-03-26 09:47:00,80.54,80.56,80.54,80.56,3926.0
2019-03-26 09:48:00,80.54,80.575,80.54,80.575,3920.0
2019-03-26 09:49:00,80.54,80.545,80.53,80.53,5202.0
2019-03-26 09:50:00,80.505,80.505,80.44,80.44,5114.0
2019-03-26 09:51:00,80.39,80.39,80.36,80.36,2688.0
2019-03-26 09:52:00,80.42,80.42,80.39,80.4,5523.0
2019-03-26 09:53:00,80.46,80.47,80.46,80.47,2587.0
2019-03-26 09:54:00,80.505,80.505,80.5,80.5,2826.0
2019-03-26 09:55:00,80.54,80.55,80.54,80.55,2647.0
2019-03-26 09:56:00,80.525,80.54,80.525,80.54,2978.0
2019-03-26 09:57:00,80.575,80.575,80.55,80.55,2200.0
2019-03-26 09:58:00,80.58,80.62,80.58,80.62,3337.0
2019-03-26 09:59:00,80.61,80.61,80.61,80.61,949.0
2019-03-26 10:00:00,80.64,80.68,80.64,80.68,3079.0
2019-03-26 10:01:00,80.65,80.65,80.59,80.59,5850.0
2019-03-26 10:02:00,80.61,80.61,80.61,80.61,1329.0
2019-03-26 10:03:00,80.66,80.66,80.66,80.66,2072.0
2019-03-26 10:04:00,80.62,80.62,80.62,80.62,1836.0
2019-03-26 10:05:00,80.65,80.66,80.64,80.64,2823.0
2019-03-26 10:06:00,80.59,80.59,80.59,80.59,1363.0
2019-03-26 10:07:00,80.565,80.58,80.565,80.58,3017.0
2019-03-26 10:08:00,80.58,80.58,80.51,80.51,4706.0
2019-03-26 10:09:00,80.49,80.49,80.45,80.46,8138.0
2019-03-26 10:10:00,80.49,80.52,80.49,80.52,10731.0
2019-03-26 10:11:00,80.52,80.555,80.52,80.555,6139.0
2019-03-26 10:12:00,80.59,80.59,80.53,80.53,18236.0
2019-03-26 10:13:00,80.56,80.56,80.5,80.5,4811.0
2019-03-26 10:14:00,80.52,80.52,80.49,80.49,1540.0
2019-03-26 10:15:00,80.48,80.52,80.48,80.52,7246.0
2019-03-26 10:16:00,80.51,80.53,80.51,80.52,6109.0
2019-03-26 10:17:00,80.51,80.52,80.509,80.509,5136.0
2019-03-26 10:18:00,80.53,80.56,80.53,80.56,3893.0
2019-03-26 10:19:00,80.56,80.56,80.52,80.52,16156.0
2019-03-26 10:20:00,80.52,80.52,80.48,80.48,6784.0
2019-03-26 10:21:00,80.41,80.41,80.41,80.41,1113.0
2019-03-26 10:22:00,80.36,80.39,80.36,80.39,3402.0
2019-03-26 10:23:00,80.425,80.425,80.425,80.425,1249.0
2019-03-26 10:24:00,80.39,80.39,80.39,80.39,783.0
2019-03-26 10:25:00,80.44,80.44,80.4323,80.4323,2160.0
2019-03-26 10:26:00,80.42,80.44,80.42,80.44,1692.0
2019-03-26 10:27:00,80.46,80.47,80.46,80.47,1657.0
2019-03-26 10:28:00,80.495,80.5102,80.495,80.5102,2672.0
2019-03-26 10:29:00,80.515,80.57,80.51,80.57,5391.0
2019-03-26 10:30:00,80.575,80.61,80.5705,80.61,11145.0
2019-03-26 10:31:00,80.62,80.62,80.6,80.6,3934.0
2019-03-26 10:32:00,80.595,80.62,80.58,80.62,6628.0
2019-03-26 10:33:00,80.64,80.64,80.575,80.575,2855.0
2019-03-26 10:34:00,80.57,80.62,80.57,80.62,3383.0
2019-03-26 10:35:00,80.64,80.64,80.64,80.64,828.0
2019-03-26 10:36:00,80.6,80.6,80.57,80.57,7651.0
2019-03-26 10:37:00,80.57,80.59,80.57,80.59,8557.0
2019-03-26 10:38:00,80.595,80.61,80.595,80.6,7950.0
2019-03-26 10:39:00,80.61,80.65,80.61,80.65,3799.0
2019-03-26 10:40:00,80.63,80.63,80.61,80.61,2289.0
2019-03-26 10:41:00,80.62,80.63,80.62,80.63,5010.0
2019-03-26 10:42:00,80.64,80.66,80.64,80.66,2167.0
2019-03-26 10:43:00,80.62,80.62,80.585,80.62,3403.0
2019-03-26 10:44:00,80.63,80.63,80.59,80.59,1815.0
2019-03-26 10:45:00,80.6,80.6,80.6,80.6,1048.0
2019-03-26 10:46:00,80.63,80.68,80.63,80.68,2084.0
2019-03-26 10:47:00,80.76,80.76,80.74,80.74,4725.0
2019-03-26 10:48:00,80.75,80.75,80.75,80.75,427.0
2019-03-26 10:49:00,80.82,80.82,80.79,80.79,3101.0
2019-03-26 10:50:00,80.82,80.82,80.82,80.82,4368.0
2019-03-26 10:51:00,80.8,80.8,80.8,80.8,1419.0
2019-03-26 10:52:00,80.85,80.86,80.85,80.86,1996.0
2019-03-26 10:53:00,80.855,80.855,80.855,80.855,780.0
2019-03-26 10:54:00,80.83,80.885,80.83,80.885,3473.0
2019-03-26 10:55:00,80.92,80.92,80.9065,80.9065,3193.0
2019-03-26 10:56:00,80.92,80.93,80.92,80.93,2024.0
2019-03-26 10:57:00,80.965,80.965,80.965,80.965,3155.0
2019-03-26 10:58:00,80.985,81.0,80.975,80.975,8867.0
2019-03-26 10:59:00,80.975,80.98,80.97,80.98,2993.0
2019-03-26 11:00:00,80.98,81.03,80.98,81.02,4749.0
2019-03-26 11:01:00,81.0,81.02,81.0,81.02,1965.0
2019-03-26 11:02:00,81.02,81.03,81.02,81.03,1166.0
2019-03-26 11:03:00,80.99,80.99,80.99,80.99,3370.0
2019-03-26 11:04:00,81.0,81.0,80.995,80.995,1839.0
2019-03-26 11:05:00,81.02,81.03,81.02,81.03,2347.0
2019-03-26 11:06:00,81.01,81.01,80.99,80.99,1534.0
2019-03-26 11:07:00,81.0,81.01,81.0,81.0,3752.0
2019-03-26 11:08:00,81.0,81.0,81.0,81.0,2346.0
2019-03-26 11:09:00,80.98,80.985,80.98,80.985,2078.0
2019-03-26 11:10:00,80.99,81.01,80.99,80.9901,2799.0
2019-03-26 11:11:00,80.98,80.98,80.98,80.98,1923.0
2019-03-26 11:12:00,80.98,80.98,80.93,80.93,4605.0
2019-03-26 11:13:00,80.95,80.95,80.93,80.93,1671.0
2019-03-26 11:14:00,80.915,80.915,80.915,80.915,489.0
2019-03-26 11:15:00,80.9,80.9,80.86,80.86,1277.0
2019-03-26 11:16:00,80.87,80.93,80.87,80.93,4052.0
2019-03-26 11:17:00,80.95,80.98,80.95,80.98,2380.0
2019-03-26 11:18:00,80.97,80.99,80.97,80.99,1770.0
2019-03-26 11:19:00,80.945,80.945,80.92,80.92,2571.0
2019-03-26 11:20:00,80.88,80.88,80.88,80.88,1130.0
2019-03-26 11:21:00,80.88,80.89,80.88,80.89,11644.0
2019-03-26 11:22:00,80.94,80.95,80.94,80.95,2468.0
2019-03-26 11:23:00,80.95,80.95,80.95,80.95,561.0
2019-03-26 11:24:00,80.94,80.94,80.91,80.91,1542.0
2019-03-26 11:25:00,80.92,80.92,80.92,80.92,586.0
2019-03-26 11:26:00,80.92,80.94,80.92,80.94,1732.0
2019-03-26 11:27:00,80.94,80.94,80.94,80.94,417.0
2019-03-26 11:28:00,80.935,80.94,80.935,80.94,2452.0
2019-03-26 11:29:00,80.93,80.93,80.93,80.93,865.0
2019-03-26 11:30:00,80.94,80.96,80.94,80.96,1763.0
2019-03-26 11:31:00,80.96,80.96,80.95,80.95,1770.0
2019-03-26 11:32:00,80.93,80.93,80.92,80.92,1475.0
2019-03-26 11:33:00,80.885,80.885,80.865,80.87,6177.0
2019-03-26 11:34:00,80.8899,80.92,80.8899,80.92,3407.0
2019-03-26 11:35:00,80.94,80.94,80.94,80.94,1025.0
2019-03-26 11:36:00,80.93,80.93,80.895,80.895,2667.0
2019-03-26 11:37:00,80.94,80.94,80.94,80.94,3501.0
2019-03-26 11:38:00,80.91,80.92,80.91,80.92,1771.0
2019-03-26 11:39:00,80.93,80.93,80.93,80.93,1002.0
2019-03-26 11:40:00,80.95,80.96,80.95,80.95,2243.0
2019-03-26 11:42:00,80.97,80.97,80.95,80.95,1546.0
2019-03-26 11:43:00,80.96,80.96,80.95,80.95,1911.0
2019-03-26 11:44:00,80.95,80.95,80.89,80.89,2983.0
2019-03-26 11:45:00,80.87,80.87,80.87,80.87,625.0
2019-03-26 11:46:00,80.86,80.86,80.8,80.8,2008.0
2019-03-26 11:47:00,80.76,80.77,80.76,80.77,2318.0
2019-03-26 11:48:00,80.73,80.73,80.67,80.67,2101.0
2019-03-26 11:49:00,80.62,80.65,80.62,80.65,2017.0
2019-03-26 11:50:00,80.66,80.66,80.66,80.66,752.0
2019-03-26 11:51:00,80.67,80.67,80.66,80.66,2388.0
2019-03-26 11:52:00,80.6,80.61,80.6,80.61,6093.0
2019-03-26 11:53:00,80.6,80.61,80.6,80.605,9626.0
2019-03-26 11:54:00,80.59,80.635,80.59,80.635,7623.0
2019-03-26 11:55:00,80.66,80.69,80.66,80.69,5511.0
2019-03-26 11:56:00,80.68,80.68,80.68,80.68,707.0
2019-03-26 11:57:00,80.69,80.71,80.69,80.71,2479.0
2019-03-26 11:58:00,80.72,80.72,80.7,80.7,1273.0
2019-03-26 11:59:00,80.72,80.72,80.7,80.7,2466.0
2019-03-26 12:00:00,80.72,80.72,80.72,80.72,2784.0
2019-03-26 12:01:00,80.74,80.765,80.74,80.765,1637.0
2019-03-26 12:02:00,80.76,80.77,80.76,80.77,1894.0
2019-03-26 12:03:00,80.795,80.81,80.795,80.81,3889.0
2019-03-26 12:04:00,80.81,80.82,80.79,80.79,3176.0
2019-03-26 12:05:00,80.78,80.78,80.77,80.77,1793.0
2019-03-26 12:06:00,80.77,80.79,80.77,80.79,1924.0
2019-03-26 12:07:00,80.8,80.82,80.8,80.82,1556.0
2019-03-26 12:08:00,80.82,80.82,80.77,80.77,1896.0
2019-03-26 12:09:00,80.77,80.77,80.77,80.77,258.0
2019-03-26 12:10:00,80.81,80.81,80.77,80.78,5447.0
2019-03-26 12:11:00,80.81,80.81,80.8,80.8,4605.0
2019-03-26 12:12:00,80.8,80.8,80.8,80.8,849.0
2019-03-26 12:13:00,80.79,80.79,80.79,80.79,520.0
2019-03-26 12:14:00,80.775,80.79,80.76,80.79,2047.0
2019-03-26 12:15:00,80.81,80.81,80.78,80.78,1849.0
2019-03-26 12:16:00,80.815,80.815,80.815,80.815,1534.0
2019-03-26 12:18:00,80.82,80.82,80.82,80.82,1016.0
2019-03-26 12:19:00,80.85,80.85,80.845,80.845,2456.0
2019-03-26 12:20:00,80.85,80.85,80.85,80.85,484.0
2019-03-26 12:21:00,80.86,80.87,80.83,80.83,3034.0
2019-03-26 12:22:00,80.815,80.82,80.8,80.82,2922.0
2019-03-26 12:23:00,80.84,80.84,80.82,80.82,2931.0
2019-03-26 12:24:00,80.78,80.78,80.75,80.75,3241.0
2019-03-26 12:25:00,80.71,80.71,80.71,80.71,550.0
2019-03-26 12:26:00,80.73,80.74,80.73,80.74,1418.0
2019-03-26 12:27:00,80.77,80.77,80.73,80.73,2285.0
2019-03-26 12:28:00,80.72,80.75,80.72,80.74,3285.0
2019-03-26 12:29:00,80.76,80.76,80.76,80.76,1283.0
2019-03-26 12:30:00,80.785,80.785,80.765,80.765,2023.0
2019-03-26 12:31:00,80.765,80.765,80.765,80.765,1287.0
2019-03-26 12:32:00,80.77,80.77,80.73,80.73,5299.0
2019-03-26 12:33:00,80.74,80.74,80.72,80.72,2197.0
2019-03-26 12:34:00,80.725,80.7498,80.725,80.7498,3028.0
2019-03-26 12:35:00,80.73,80.73,80.72,80.72,2201.0
2019-03-26 12:36:00,80.73,80.76,80.73,80.76,3040.0
2019-03-26 12:37:00,80.7417,80.7417,80.72,80.72,1858.0
2019-03-26 12:38:00,80.685,80.71,80.685,80.71,2245.0
2019-03-26 12:39:00,80.64,80.67,80.64,80.67,1743.0
2019-03-26 12:40:00,80.67,80.67,80.64,80.64,1950.0
2019-03-26 12:41:00,80.59,80.59,80.59,80.59,1224.0
2019-03-26 12:42:00,80.59,80.59,80.59,80.59,1212.0
2019-03-26 12:43:00,80.5797,80.58,80.575,80.58,2521.0
2019-03-26 12:44:00,80.57,80.57,80.555,80.555,2332.0
2019-03-26 12:45:00,80.585,80.585,80.585,80.585,1846.0
2019-03-26 12:46:00,80.57,80.585,80.56,80.575,4346.0
2019-03-26 12:47:00,80.57,80.59,80.56,80.56,3323.0
2019-03-26 12:48:00,80.52,80.52,80.505,80.505,1834.0
2019-03-26 12:49:00,80.5,80.5,80.48,80.48,2609.0
2019-03-26 12:50:00,80.47,80.47,80.47,80.47,750.0
2019-03-26 12:51:00,80.48,80.48,80.48,80.48,1142.0
2019-03-26 12:52:00,80.5,80.54,80.5,80.535,3934.0
2019-03-26 12:53:00,80.525,80.525,80.525,80.525,666.0
2019-03-26 12:54:00,80.52,80.53,80.52,80.53,2309.0
2019-03-26 12:55:00,80.55,80.55,80.54,80.54,983.0
2019-03-26 12:56:00,80.55,80.58,80.55,80.57,1836.0
2019-03-26 12:57:00,80.54,80.54,80.54,80.54,737.0
2019-03-26 12:58:00,80.56,80.56,80.53,80.53,2733.0
2019-03-26 12:59:00,80.49,80.49,80.49,80.49,1020.0
2019-03-26 13:00:00,80.485,80.5,80.485,80.5,3206.0
2019-03-26 13:01:00,80.49,80.5,80.49,80.49,2802.0
2019-03-26 13:02:00,80.51,80.52,80.51,80.52,1999.0
2019-03-26 13:03:00,80.5,80.51,80.5,80.51,1711.0
2019-03-26 13:04:00,80.54,80.57,80.54,80.57,2479.0
2019-03-26 13:05:00,80.6,80.6,80.5825,80.59,2453.0
2019-03-26 13:06:00,80.55,80.56,80.55,80.56,1442.0
2019-03-26 13:07:00,80.56,80.56,80.56,80.56,759.0
2019-03-26 13:08:00,80.57,80.6,80.57,80.6,1025.0
2019-03-26 13:09:00,80.619,80.619,80.595,80.595,2556.0
2019-03-26 13:10:00,80.59,80.59,80.59,80.59,1118.0
2019-03-26 13:11:00,80.61,80.66,80.61,80.66,1470.0
2019-03-26 13:12:00,80.65,80.65,80.63,80.63,1514.0
2019-03-26 13:14:00,80.62,80.63,80.62,80.63,2142.0
2019-03-26 13:15:00,80.634,80.64,80.634,80.64,2215.0
2019-03-26 13:16:00,80.635,80.635,80.635,80.635,356.0
2019-03-26 13:17:00,80.635,80.635,80.63,80.63,908.0
2019-03-26 13:18:00,80.65,80.65,80.65,80.65,506.0
2019-03-26 13:19:00,80.665,80.665,80.66,80.66,1339.0
2019-03-26 13:20:00,80.66,80.66,80.66,80.66,1277.0
2019-03-26 13:21:00,80.655,80.655,80.65,80.65,2702.0
2019-03-26 13:22:00,80.63,80.63,80.61,80.61,1414.0
2019-03-26 13:23:00,80.61,80.61,80.59,80.59,1588.0
2019-03-26 13:24:00,80.585,80.585,80.585,80.585,182.0
2019-03-26 13:25:00,80.58,80.58,80.57,80.57,982.0
2019-03-26 13:26:00,80.56,80.56,80.51,80.51,1471.0
2019-03-26 13:27:00,80.48,80.48,80.48,80.48,1147.0
2019-03-26 13:28:00,80.51,80.515,80.485,80.485,3119.0
2019-03-26 13:29:00,80.5,80.5,80.47,80.47,863.0
2019-03-26 13:30:00,80.45,80.45,80.45,80.45,1000.0
2019-03-26 13:31:00,80.46,80.46,80.44,80.44,1598.0
2019-03-26 13:32:00,80.44,80.44,80.44,80.44,493.0
2019-03-26 13:33:00,80.44,80.44,80.44,80.44,611.0
2019-03-26 13:34:00,80.445,80.445,80.42,80.42,2690.0
2019-03-26 13:35:00,80.4,80.4,80.4,80.4,1422.0
2019-03-26 13:36:00,80.4,80.4,80.4,80.4,702.0
2019-03-26 13:37:00,80.39,80.39,80.33,80.33,1938.0
2019-03-26 13:38:00,80.33,80.33,80.33,80.33,332.0
2019-03-26 13:39:00,80.3,80.3,80.3,80.3,423.0
2019-03-26 13:40:00,80.33,80.33,80.33,80.33,1880.0
2019-03-26 13:41:00,80.34,80.37,80.34,80.37,1360.0
2019-03-26 13:42:00,80.4,80.4,80.4,80.4,911.0
2019-03-26 13:43:00,80.4,80.4,80.4,80.4,516.0
2019-03-26 13:44:00,80.39,80.39,80.37,80.37,1211.0
2019-03-26 13:45:00,80.38,80.38,80.38,80.38,1763.0
2019-03-26 13:46:00,80.3822,80.3822,80.3822,80.3822,1044.0
2019-03-26 13:47:00,80.38,80.38,80.38,80.38,475.0
2019-03-26 13:48:00,80.38,80.38,80.36,80.36,1639.0
2019-03-26 13:49:00,80.37,80.37,80.35,80.35,1608.0
2019-03-26 13:50:00,80.34,80.34,80.34,80.34,252.0
2019-03-26 13:51:00,80.35,80.3568,80.35,80.3568,2943.0
2019-03-26 13:52:00,80.37,80.37,80.31,80.31,2073.0
2019-03-26 13:53:00,80.3,80.31,80.3,80.3,2322.0
2019-03-26 13:54:00,80.32,80.32,80.31,80.31,917.0
2019-03-26 13:55:00,80.3,80.3,80.3,80.3,301.0
2019-03-26 13:56:00,80.24,80.24,80.24,80.24,735.0
2019-03-26 13:57:00,80.25,80.25,80.24,80.24,1268.0
2019-03-26 13:58:00,80.24,80.24,80.24,80.24,348.0
2019-03-26 13:59:00,80.2316,80.2316,80.2316,80.2316,805.0
2019-03-26 14:00:00,80.24,80.265,80.24,80.265,2959.0
2019-03-26 14:01:00,80.24,80.28,80.24,80.28,4675.0
2019-03-26 14:02:00,80.26,80.26,80.26,80.26,413.0
2019-03-26 14:03:00,80.25,80.25,80.215,80.215,1330.0
2019-03-26 14:05:00,80.19,80.2,80.19,80.2,2076.0
2019-03-26 14:06:00,80.25,80.25,80.23,80.23,1679.0
2019-03-26 14:07:00,80.25,80.25,80.24,80.25,3372.0
2019-03-26 14:08:00,80.29,80.3,80.29,80.3,1081.0
2019-03-26 14:09:00,80.31,80.31,80.29,80.29,1476.0
2019-03-26 14:10:00,80.27,80.285,80.26,80.26,3013.0
2019-03-26 14:11:00,80.2,80.2,80.17,80.17,2946.0
2019-03-26 14:12:00,80.16,80.16,80.16,80.16,249.0
2019-03-26 14:13:00,80.14,80.14,80.13,80.14,2210.0
2019-03-26 14:14:00,80.15,80.15,80.15,80.15,225.0
2019-03-26 14:15:00,80.17,80.17,80.16,80.165,2738.0
2019-03-26 14:16:00,80.185,80.185,80.185,80.185,977.0
2019-03-26 14:17:00,80.21,80.21,80.21,80.21,476.0
2019-03-26 14:18:00,80.22,80.24,80.21,80.24,4587.0
2019-03-26 14:19:00,80.26,80.28,80.26,80.27,3425.0
2019-03-26 14:20:00,80.25,80.26,80.25,80.26,2517.0
2019-03-26 14:21:00,80.25,80.25,80.25,80.25,1304.0
2019-03-26 14:22:00,80.24,80.24,80.23,80.23,1161.0
2019-03-26 14:23:00,80.2,80.2,80.2,80.2,1453.0
2019-03-26 14:24:00,80.23,80.23,80.21,80.21,2280.0
2019-03-26 14:25:00,80.25,80.25,80.25,80.25,337.0
2019-03-26 14:26:00,80.25,80.25,80.25,80.25,598.0
2019-03-26 14:27:00,80.24,80.24,80.23,80.23,1765.0
2019-03-26 14:28:00,80.245,80.3,80.245,80.3,8589.0
2019-03-26 14:29:00,80.26,80.26,80.26,80.26,1667.0
2019-03-26 14:30:00,80.26,80.28,80.26,80.26,3311.0
2019-03-26 14:31:00,80.24,80.26,80.23,80.26,3738.0
2019-03-26 14:32:00,80.23,80.23,80.23,80.23,1621.0
2019-03-26 14:33:00,80.2,80.2,80.19,80.19,1371.0
2019-03-26 14:34:00,80.2,80.2,80.2,80.2,685.0
2019-03-26 14:35:00,80.23,80.23,80.23,80.23,493.0
2019-03-26 14:36:00,80.25,80.26,80.25,80.26,3336.0
2019-03-26 14:38:00,80.31,80.31,80.3,80.3,985.0
2019-03-26 14:39:00,80.32,80.32,80.32,80.32,990.0
2019-03-26 14:40:00,80.34,80.34,80.32,80.32,2668.0
2019-03-26 14:41:00,80.32,80.32,80.31,80.31,1201.0
2019-03-26 14:42:00,80.32,80.33,80.32,80.3241,2090.0
2019-03-26 14:43:00,80.33,80.33,80.31,80.31,1834.0
2019-03-26 14:44:00,80.29,80.3,80.28,80.3,2851.0
2019-03-26 14:45:00,80.32,80.32,80.32,80.32,923.0
2019-03-26 14:46:00,80.33,80.33,80.33,80.33,281.0
2019-03-26 14:47:00,80.34,80.34,80.33,80.33,1399.0
2019-03-26 14:48:00,80.35,80.365,80.33,80.33,2902.0
2019-03-26 14:49:00,80.34,80.34,80.34,80.34,862.0
2019-03-26 14:50:00,80.36,80.36,80.355,80.355,2478.0
2019-03-26 14:51:00,80.36,80.36,80.31,80.31,2709.0
2019-03-26 14:52:00,80.295,80.295,80.27,80.27,1750.0
2019-03-26 14:53:00,80.27,80.27,80.27,80.27,781.0
2019-03-26 14:54:00,80.25,80.25,80.24,80.24,1394.0
2019-03-26 14:55:00,80.25,80.25,80.19,80.19,3036.0
2019-03-26 14:56:00,80.2,80.2,80.2,80.2,669.0
2019-03-26 14:57:00,80.22,80.25,80.22,80.25,2369.0
2019-03-26 14:58:00,80.28,80.28,80.28,80.28,589.0
2019-03-26 14:59:00,80.32,80.32,80.31,80.31,2013.0
2019-03-26 15:00:00,80.32,80.32,80.32,80.32,821.0
2019-03-26 15:01:00,80.34,80.38,80.34,80.38,1788.0
2019-03-26 15:02:00,80.42,80.45,80.42,80.45,1716.0
2019-03-26 15:03:00,80.46,80.46,80.45,80.45,2520.0
2019-03-26 15:04:00,80.45,80.48,80.45,80.48,2475.0
2019-03-26 15:05:00,80.46,80.46,80.41,80.41,2474.0
2019-03-26 15:06:00,80.42,80.42,80.4,80.4,1424.0
2019-03-26 15:07:00,80.39,80.39,80.39,80.39,478.0
2019-03-26 15:08:00,80.4,80.41,80.4,80.41,1576.0
2019-03-26 15:09:00,80.42,80.47,80.42,80.47,2103.0
2019-03-26 15:10:00,80.45,80.45,80.45,80.45,1267.0
2019-03-26 15:11:00,80.43,80.43,80.38,80.38,1963.0
2019-03-26 15:12:00,80.4,80.4,80.38,80.38,1791.0
2019-03-26 15:13:00,80.39,80.43,80.39,80.43,2442.0
2019-03-26 15:14:00,80.42,80.42,80.38,80.38,1523.0
2019-03-26 15:15:00,80.365,80.365,80.35,80.35,1106.0
2019-03-26 15:16:00,80.34,80.34,80.34,80.34,1942.0
2019-03-26 15:17:00,80.31,80.33,80.31,80.33,1655.0
2019-03-26 15:18:00,80.3142,80.34,80.3142,80.34,1260.0
2019-03-26 15:19:00,80.36,80.36,80.34,80.34,951.0
2019-03-26 15:20:00,80.345,80.345,80.3,80.3,1602.0
2019-03-26 15:21:00,80.27,80.28,80.26,80.28,2779.0
2019-03-26 15:22:00,80.28,80.28,80.23,80.23,1267.0
2019-03-26 15:23:00,80.26,80.26,80.2326,80.2326,4205.0
2019-03-26 15:24:00,80.2,80.23,80.19,80.23,5239.0
2019-03-26 15:25:00,80.22,80.25,80.22,80.225,5596.0
2019-03-26 15:26:00,80.17,80.21,80.17,80.2,5379.0
2019-03-26 15:27:00,80.2,80.22,80.2,80.22,1610.0
2019-03-26 15:28:00,80.23,80.25,80.21,80.21,9414.0
2019-03-26 15:29:00,80.22,80.23,80.22,80.22,2305.0
2019-03-26 15:30:00,80.22,80.22,80.22,80.22,1770.0
2019-03-26 15:31:00,80.21,80.21,80.18,80.2,3617.0
2019-03-26 15:32:00,80.23,80.2659,80.23,80.2659,2602.0
2019-03-26 15:33:00,80.25,80.32,80.25,80.32,6160.0
2019-03-26 15:34:00,80.37,80.37,80.34,80.34,4656.0
2019-03-26 15:35:00,80.35,80.37,80.35,80.37,4462.0
2019-03-26 15:36:00,80.38,80.42,80.38,80.41,5508.0
2019-03-26 15:37:00,80.41,80.42,80.41,80.42,3836.0
2019-03-26 15:38:00,80.42,80.42,80.39,80.39,5540.0
2019-03-26 15:39:00,80.38,80.38,80.34,80.37,6235.0
2019-03-26 15:40:00,80.37,80.38,80.37,80.37,2883.0
2019-03-26 15:41:00,80.37,80.38,80.36,80.38,6326.0
2019-03-26 15:42:00,80.39,80.43,80.39,80.4,6654.0
2019-03-26 15:43:00,80.41,80.44,80.4,80.44,16194.0
2019-03-26 15:44:00,80.43,80.45,80.43,80.45,10593.0
2019-03-26 15:45:00,80.45,80.46,80.42,80.43,13657.0
2019-03-26 15:46:00,80.44,80.44,80.375,80.375,17773.0
2019-03-26 15:47:00,80.38,80.43,80.38,80.43,12634.0
2019-03-26 15:48:00,80.43,80.5,80.43,80.5,12247.0
2019-03-26 15:49:00,80.53,80.53,80.47,80.47,17516.0
2019-03-26 15:50:00,80.455,80.455,80.435,80.455,10154.0
2019-03-26 15:51:00,80.46,80.49,80.46,80.46,18158.0
2019-03-26 15:52:00,80.47,80.505,80.46,80.505,15468.0
2019-03-26 15:53:00,80.505,80.54,80.5,80.54,19139.0
2019-03-26 15:54:00,80.57,80.57,80.54,80.57,13596.0
2019-03-26 15:55:00,80.57,80.57,80.515,80.54,19063.0
2019-03-26 15:56:00,80.57,80.595,80.55,80.55,19131.0
2019-03-26 15:57:00,80.56,80.57,80.56,80.56,15838.0
2019-03-26 15:58:00,80.56,80.61,80.56,80.58,24003.0
2019-03-26 15:59:00,80.58,80.62,80.56,80.59,26661.0
2019-03-26 16:00:00,80.59,80.66,80.59,80.66,44419.0
2019-03-27 09:32:00,80.61,80.61,80.52,80.57,30233.0
2019-03-27 09:34:00,80.68,80.73,80.68,80.7,2041.0
2019-03-27 09:35:00,80.62,80.62,80.62,80.62,2359.0
2019-03-27 09:36:00,80.62,80.67,80.62,80.67,2239.0
2019-03-27 09:37:00,80.54,80.54,80.54,80.54,836.0
2019-03-27 09:38:00,80.48,80.48,80.48,80.48,1199.0
2019-03-27 09:39:00,80.42,80.42,80.42,80.42,1016.0
2019-03-27 09:40:00,80.425,80.425,80.42,80.42,3829.0
2019-03-27 09:41:00,80.37,80.37,80.31,80.31,2844.0
2019-03-27 09:42:00,80.32,80.35,80.32,80.35,1911.0
2019-03-27 09:43:00,80.4,80.4,80.3,80.3,6869.0
2019-03-27 09:44:00,80.32,80.35,80.32,80.35,1915.0
2019-03-27 09:45:00,80.32,80.32,80.32,80.32,1577.0
2019-03-27 09:46:00,80.31,80.31,80.31,80.31,502.0
2019-03-27 09:47:00,80.3,80.3,80.3,80.3,855.0
2019-03-27 09:48:00,80.315,80.315,80.29,80.29,2553.0
2019-03-27 09:49:00,80.24,80.24,80.24,80.24,354.0
2019-03-27 09:50:00,80.21,80.2195,80.21,80.2195,3157.0
2019-03-27 09:51:00,80.26,80.26,80.26,80.26,1028.0
2019-03-27 09:52:00,80.3,80.38,80.3,80.38,1863.0
2019-03-27 09:53:00,80.39,80.39,80.39,80.39,720.0
2019-03-27 09:54:00,80.38,80.38,80.33,80.33,1984.0
2019-03-27 09:55:00,80.26,80.26,80.26,80.26,485.0
2019-03-27 09:56:00,80.19,80.19,80.19,80.19,303.0
2019-03-27 09:58:00,80.14,80.15,80.14,80.15,6604.0
2019-03-27 09:59:00,80.13,80.13,80.13,80.13,615.0
2019-03-27 10:00:00,80.15,80.15,80.14,80.14,4531.0
2019-03-27 10:01:00,80.16,80.16,80.12,80.12,2832.0
2019-03-27 10:02:00,80.19,80.19,80.19,80.19,445.0
2019-03-27 10:03:00,80.17,80.17,80.145,80.16,4861.0
2019-03-27 10:04:00,80.18,80.2,80.18,80.2,4422.0
2019-03-27 10:05:00,80.19,80.19,80.16,80.17,3724.0
2019-03-27 10:06:00,80.15,80.19,80.15,80.18,11370.0
2019-03-27 10:07:00,80.17,80.17,80.15,80.16,8935.0
2019-03-27 10:08:00,80.17,80.25,80.17,80.24,6144.0
2019-03-27 10:09:00,80.28,80.28,80.25,80.25,1055.0
2019-03-27 10:10:00,80.22,80.22,80.17,80.17,1311.0
2019-03-27 10:11:00,80.2223,80.25,80.2223,80.25,2482.0
2019-03-27 10:12:00,80.24,80.24,80.24,80.24,365.0
2019-03-27 10:13:00,80.2399,80.2601,80.2399,80.2601,1531.0
2019-03-27 10:15:00,80.29,80.29,80.26,80.26,1552.0
2019-03-27 10:16:00,80.24,80.24,80.24,80.24,1347.0
2019-03-27 10:17:00,80.26,80.26,80.26,80.26,979.0
2019-03-27 10:18:00,80.25,80.29,80.25,80.29,1523.0
2019-03-27 10:19:00,80.33,80.33,80.33,80.33,542.0
2019-03-27 10:20:00,80.35,80.35,80.35,80.35,932.0
2019-03-27 10:21:00,80.3,80.3,80.3,80.3,599.0
2019-03-27 10:22:00,80.3,80.3,80.3,80.3,848.0
2019-03-27 10:23:00,80.32,80.32,80.32,80.32,564.0
2019-03-27 10:24:00,80.3,80.35,80.3,80.35,1945.0
2019-03-27 10:25:00,80.36,80.36,80.36,80.36,4118.0
2019-03-27 10:26:00,80.355,80.36,80.355,80.36,4120.0
2019-03-27 10:27:00,80.365,80.365,80.32,80.32,2154.0
2019-03-27 10:28:00,80.28,80.28,80.28,80.28,1390.0
2019-03-27 10:29:00,80.28,80.28,80.28,80.28,839.0
2019-03-27 10:30:00,80.32,80.32,80.31,80.31,969.0
2019-03-27 10:31:00,80.3,80.3,80.3,80.3,988.0
2019-03-27 10:32:00,80.34,80.34,80.3,80.3,1100.0
2019-03-27 10:33:00,80.26,80.26,80.26,80.26,409.0
2019-03-27 10:34:00,80.28,80.32,80.28,80.32,814.0
2019-03-27 10:35:00,80.26,80.26,80.26,80.26,483.0
2019-03-27 10:36:00,80.31,80.33,80.31,80.31,6739.0
2019-03-27 10:37:00,80.27,80.27,80.27,80.27,1078.0
2019-03-27 10:38:00,80.25,80.25,80.16,80.16,2893.0
2019-03-27 10:39:00,80.17,80.18,80.17,80.18,1972.0
2019-03-27 10:40:00,80.17,80.17,80.17,80.17,3115.0
2019-03-27 10:41:00,80.1,80.13,80.1,80.13,2152.0
2019-03-27 10:42:00,80.075,80.075,80.075,80.075,1035.0
2019-03-27 10:43:00,80.08,80.08,80.08,80.08,1110.0
2019-03-27 10:44:00,79.98,79.98,79.98,79.98,729.0
2019-03-27 10:45:00,79.99,79.99,79.99,79.99,623.0
2019-03-27 10:46:00,79.96,79.96,79.9007,79.9007,3642.0
2019-03-27 10:47:00,79.91,79.91,79.91,79.91,4489.0
2019-03-27 10:48:00,79.93,79.93,79.92,79.92,4016.0
2019-03-27 10:49:00,79.98,79.98,79.98,79.98,617.0
2019-03-27 10:50:00,79.98,79.98,79.98,79.98,687.0
2019-03-27 10:51:00,79.91,79.97,79.91,79.97,3701.0
2019-03-27 10:52:00,80.0,80.0,80.0,80.0,1022.0
2019-03-27 10:54:00,79.9,79.9,79.87,79.87,3674.0
2019-03-27 10:55:00,79.86,79.87,79.86,79.87,1537.0
2019-03-27 10:56:00,79.86,79.86,79.86,79.86,208.0
2019-03-27 10:58:00,79.83,79.85,79.83,79.85,1708.0
2019-03-27 10:59:00,79.84,79.84,79.84,79.84,360.0
2019-03-27 11:00:00,79.86,79.86,79.86,79.86,522.0
2019-03-27 11:01:00,79.89,79.9,79.89,79.9,2548.0
2019-03-27 11:02:00,79.95,79.95,79.95,79.95,756.0
2019-03-27 11:03:00,79.93,79.93,79.9,79.9,3101.0
2019-03-27 11:04:00,79.9,79.9,79.87,79.87,1380.0
2019-03-27 11:05:00,79.83,79.83,79.82,79.82,2192.0
2019-03-27 11:06:00,79.8,79.8,79.8,79.8,7175.0
2019-03-27 11:07:00,79.8,79.81,79.78,79.79,8804.0
2019-03-27 11:08:00,79.82,79.82,79.82,79.82,1250.0
2019-03-27 11:09:00,79.78,79.78,79.75,79.75,2257.0
2019-03-27 11:10:00,79.71,79.71,79.71,79.71,508.0
2019-03-27 11:11:00,79.725,79.725,79.725,79.725,1812.0
2019-03-27 11:12:00,79.7,79.7,79.7,79.7,931.0
2019-03-27 11:13:00,79.65,79.66,79.65,79.66,3216.0
2019-03-27 11:14:00,79.675,79.675,79.675,79.675,1241.0
2019-03-27 11:15:00,79.65,79.65,79.6025,79.6025,4664.0
2019-03-27 11:16:00,79.61,79.63,79.59,79.59,2748.0
2019-03-27 11:17:00,79.51,79.51,79.51,79.51,729.0
2019-03-27 11:18:00,79.52,79.52,79.52,79.52,632.0
2019-03-27 11:19:00,79.52,79.52,79.52,79.52,1291.0
2019-03-27 11:20:00,79.47,79.49,79.47,79.49,2843.0
2019-03-27 11:21:00,79.49,79.49,79.49,79.49,2326.0
2019-03-27 11:22:00,79.48,79.48,79.47,79.47,1465.0
2019-03-27 11:23:00,79.5,79.5,79.47,79.47,1321.0
2019-03-27 11:24:00,79.49,79.49,79.43,79.43,3405.0
2019-03-27 11:25:00,79.44,79.49,79.44,79.49,4389.0
2019-03-27 11:26:00,79.49,79.53,79.49,79.53,1713.0
2019-03-27 11:27:00,79.47,79.47,79.47,79.47,1018.0
2019-03-27 11:28:00,79.48,79.48,79.43,79.43,1743.0
2019-03-27 11:29:00,79.4,79.4,79.34,79.34,3727.0
2019-03-27 11:30:00,79.3,79.32,79.3,79.32,4877.0
2019-03-27 11:31:00,79.29,79.29,79.28,79.29,4774.0
2019-03-27 11:32:00,79.33,79.33,79.33,79.33,831.0
2019-03-27 11:33:00,79.38,79.38,79.38,79.38,555.0
2019-03-27 11:34:00,79.38,79.38,79.3,79.3,3030.0
2019-03-27 11:35:00,79.28,79.28,79.19,79.19,5317.0
2019-03-27 11:36:00,79.16,79.16,79.16,79.16,799.0
2019-03-27 11:37:00,79.2,79.2,79.2,79.2,872.0
2019-03-27 11:38:00,79.18,79.23,79.18,79.23,1384.0
2019-03-27 11:39:00,79.24,79.24,79.24,79.24,659.0
2019-03-27 11:40:00,79.25,79.25,79.24,79.24,1568.0
2019-03-27 11:41:00,79.215,79.215,79.215,79.215,1144.0
2019-03-27 11:42:00,79.22,79.22,79.18,79.18,2097.0
2019-03-27 11:43:00,79.14,79.14,79.14,79.14,1155.0
2019-03-27 11:44:00,79.07,79.07,79.06,79.06,2648.0
2019-03-27 11:45:00,79.06,79.06,79.06,79.06,2235.0
2019-03-27 11:46:00,79.01,79.02,79.0,79.02,2968.0
2019-03-27 11:47:00,79.05,79.07,79.05,79.07,3744.0
2019-03-27 11:48:00,79.05,79.05,79.05,79.05,519.0
2019-03-27 11:49:00,78.98,78.98,78.98,78.98,930.0
2019-03-27 11:50:00,78.98,78.98,78.94,78.94,2005.0
2019-03-27 11:51:00,78.97,79.03,78.97,79.0,4608.0
2019-03-27 11:52:00,78.98,78.99,78.98,78.99,4517.0
2019-03-27 11:53:00,78.9262,78.9262,78.9262,78.9262,1004.0
2019-03-27 11:54:00,78.995,78.995,78.9607,78.9607,1381.0
2019-03-27 11:55:00,78.91,78.91,78.91,78.91,694.0
2019-03-27 11:56:00,78.91,78.97,78.91,78.97,988.0
2019-03-27 11:57:00,79.04,79.04,79.04,79.04,279.0
2019-03-27 11:58:00,79.065,79.12,79.065,79.11,3747.0
2019-03-27 11:59:00,79.14,79.19,79.14,79.17,9725.0
2019-03-27 12:00:00,79.2,79.215,79.2,79.215,2876.0
2019-03-27 12:01:00,79.21,79.21,79.17,79.17,4097.0
2019-03-27 12:02:00,79.14,79.14,79.11,79.11,3093.0
2019-03-27 12:03:00,79.1,79.1,79.1,79.1,876.0
2019-03-27 12:04:00,79.18,79.18,79.18,79.18,967.0
2019-03-27 12:05:00,79.24,79.37,79.24,79.37,1408.0
2019-03-27 12:06:00,79.35,79.35,79.35,79.35,677.0
2019-03-27 12:07:00,79.36,79.36,79.36,79.36,793.0
2019-03-27 12:08:00,79.34,79.345,79.34,79.345,2227.0
2019-03-27 12:09:00,79.36,79.36,79.35,79.35,1946.0
2019-03-27 12:10:00,79.36,79.36,79.36,79.36,423.0
2019-03-27 12:11:00,79.34,79.34,79.34,79.34,685.0
2019-03-27 12:12:00,79.33,79.33,79.33,79.33,405.0
2019-03-27 12:13:00,79.39,79.41,79.39,79.41,1482.0
2019-03-27 12:14:00,79.37,79.37,79.34,79.34,978.0
2019-03-27 12:15:00,79.31,79.31,79.31,79.31,426.0
2019-03-27 12:16:00,79.33,79.33,79.33,79.33,901.0
2019-03-27 12:17:00,79.38,79.38,79.35,79.35,1316.0
2019-03-27 12:18:00,79.33,79.33,79.33,79.33,340.0
2019-03-27 12:19:00,79.34,79.34,79.34,79.34,276.0
2019-03-27 12:20:00,79.27,79.27,79.27,79.27,394.0
2019-03-27 12:21:00,79.35,79.37,79.35,79.37,1048.0
2019-03-27 12:22:00,79.41,79.41,79.41,79.41,2438.0
2019-03-27 12:23:00,79.44,79.44,79.42,79.42,817.0
2019-03-27 12:24:00,79.33,79.33,79.33,79.33,1087.0
2019-03-27 12:25:00,79.28,79.37,79.28,79.37,1065.0
2019-03-27 12:26:00,79.33,79.33,79.31,79.31,2294.0
2019-03-27 12:27:00,79.43,79.43,79.43,79.43,549.0
2019-03-27 12:28:00,79.46,79.46,79.46,79.46,187.0
2019-03-27 12:29:00,79.46,79.46,79.46,79.46,313.0
2019-03-27 12:30:00,79.47,79.47,79.45,79.45,1217.0
2019-03-27 12:31:00,79.43,79.43,79.43,79.43,353.0
2019-03-27 12:32:00,79.43,79.43,79.43,79.43,574.0
2019-03-27 12:33:00,79.42,79.42,79.42,79.42,653.0
2019-03-27 12:34:00,79.44,79.44,79.44,79.44,741.0
2019-03-27 12:35:00,79.44,79.47,79.44,79.47,1355.0
2019-03-27 12:36:00,79.35,79.38,79.35,79.38,1306.0
2019-03-27 12:37:00,79.41,79.44,79.41,79.44,1420.0
2019-03-27 12:38:00,79.39,79.39,79.39,79.39,1113.0
2019-03-27 12:39:00,79.43,79.44,79.43,79.44,1622.0
2019-03-27 12:40:00,79.42,79.42,79.42,79.42,615.0
2019-03-27 12:41:00,79.34,79.34,79.34,79.34,1329.0
2019-03-27 12:42:00,79.34,79.34,79.34,79.34,922.0
2019-03-27 12:43:00,79.34,79.37,79.34,79.37,756.0
2019-03-27 12:44:00,79.39,79.39,79.39,79.39,550.0
2019-03-27 12:45:00,79.39,79.45,79.39,79.44,1985.0
2019-03-27 12:46:00,79.49,79.51,79.49,79.51,2135.0
2019-03-27 12:47:00,79.46,79.46,79.41,79.41,2598.0
2019-03-27 12:48:00,79.4,79.4,79.37,79.37,3638.0
2019-03-27 12:49:00,79.37,79.37,79.37,79.37,334.0
2019-03-27 12:50:00,79.38,79.38,79.36,79.36,3894.0
2019-03-27 12:51:00,79.37,79.37,79.35,79.35,2142.0
2019-03-27 12:52:00,79.34,79.36,79.34,79.36,2773.0
2019-03-27 12:53:00,79.355,79.43,79.355,79.43,3176.0
2019-03-27 12:54:00,79.42,79.42,79.42,79.42,1100.0
2019-03-27 12:55:00,79.4,79.4,79.39,79.39,1108.0
2019-03-27 12:56:00,79.38,79.38,79.38,79.38,318.0
2019-03-27 12:57:00,79.37,79.39,79.37,79.39,768.0
2019-03-27 12:58:00,79.33,79.33,79.33,79.33,567.0
2019-03-27 12:59:00,79.33,79.33,79.32,79.32,1400.0
2019-03-27 13:00:00,79.32,79.32,79.32,79.32,756.0
2019-03-27 13:01:00,79.31,79.31,79.27,79.27,1472.0
2019-03-27 13:02:00,79.28,79.28,79.28,79.28,508.0
2019-03-27 13:03:00,79.27,79.27,79.24,79.24,1533.0
2019-03-27 13:04:00,79.25,79.25,79.23,79.23,1153.0
2019-03-27 13:06:00,79.23,79.235,79.205,79.235,1939.0
2019-03-27 13:07:00,79.25,79.25,79.25,79.25,684.0
2019-03-27 13:08:00,79.23,79.23,79.23,79.23,664.0
2019-03-27 13:09:00,79.2,79.2,79.2,79.2,633.0
2019-03-27 13:10:00,79.18,79.18,79.18,79.18,1749.0
2019-03-27 13:11:00,79.2,79.2,79.2,79.2,718.0
2019-03-27 13:12:00,79.21,79.21,79.2,79.2,1551.0
2019-03-27 13:13:00,79.2,79.215,79.2,79.215,1875.0
2019-03-27 13:14:00,79.225,79.26,79.225,79.26,7599.0
2019-03-27 13:15:00,79.28,79.37,79.28,79.36,9124.0
2019-03-27 13:16:00,79.34,79.38,79.34,79.38,981.0
2019-03-27 13:17:00,79.345,79.36,79.34,79.34,6755.0
2019-03-27 13:18:00,79.345,79.345,79.26,79.26,1995.0
2019-03-27 13:19:00,79.27,79.27,79.255,79.27,9534.0
2019-03-27 13:20:00,79.26,79.28,79.26,79.28,2601.0
2019-03-27 13:21:00,79.29,79.35,79.29,79.33,4040.0
2019-03-27 13:22:00,79.335,79.335,79.29,79.32,8377.0
2019-03-27 13:23:00,79.34,79.34,79.3,79.305,4808.0
2019-03-27 13:24:00,79.29,79.29,79.29,79.29,403.0
2019-03-27 13:25:00,79.31,79.31,79.31,79.31,727.0
2019-03-27 13:26:00,79.34,79.37,79.34,79.37,2596.0
2019-03-27 13:27:00,79.38,79.39,79.38,79.39,2572.0
2019-03-27 13:28:00,79.39,79.39,79.39,79.39,706.0
2019-03-27 13:29:00,79.39,79.39,79.37,79.37,1603.0
2019-03-27 13:30:00,79.34,79.34,79.3,79.3,865.0
2019-03-27 13:31:00,79.325,79.33,79.325,79.33,1098.0
2019-03-27 13:32:00,79.3,79.3,79.28,79.28,6601.0
2019-03-27 13:33:00,79.27,79.28,79.27,79.28,2569.0
2019-03-27 13:34:00,79.27,79.27,79.27,79.27,338.0
2019-03-27 13:35:00,79.275,79.275,79.275,79.275,1701.0
2019-03-27 13:36:00,79.27,79.27,79.27,79.27,609.0
2019-03-27 13:37:00,79.25,79.25,79.235,79.25,2738.0
2019-03-27 13:38:00,79.28,79.28,79.28,79.28,730.0
2019-03-27 13:39:00,79.3,79.3,79.29,79.29,812.0
2019-03-27 13:40:00,79.31,79.32,79.31,79.32,1391.0
2019-03-27 13:41:00,79.345,79.345,79.345,79.345,505.0
2019-03-27 13:42:00,79.385,79.395,79.385,79.395,2252.0
2019-03-27 13:43:00,79.385,79.385,79.38,79.385,1465.0
2019-03-27 13:44:00,79.38,79.38,79.375,79.375,2414.0
2019-03-27 13:45:00,79.36,79.41,79.36,79.41,6998.0
2019-03-27 13:46:00,79.425,79.43,79.36,79.36,6887.0
2019-03-27 13:47:00,79.355,79.36,79.34,79.36,6356.0
2019-03-27 13:48:00,79.35,79.35,79.34,79.34,1765.0
2019-03-27 13:49:00,79.34,79.34,79.34,79.34,507.0
2019-03-27 13:50:00,79.36,79.36,79.35,79.35,2554.0
2019-03-27 13:51:00,79.32,79.33,79.3,79.3,3173.0
2019-03-27 13:52:00,79.31,79.31,79.31,79.31,679.0
2019-03-27 13:53:00,79.32,79.32,79.32,79.32,2737.0
2019-03-27 13:54:00,79.325,79.33,79.3,79.3,4050.0
2019-03-27 13:55:00,79.28,79.3,79.28,79.3,1920.0
2019-03-27 13:56:00,79.3,79.3,79.3,79.3,2140.0
2019-03-27 13:57:00,79.27,79.27,79.25,79.25,2831.0
2019-03-27 13:58:00,79.26,79.26,79.25,79.25,1656.0
2019-03-27 13:59:00,79.27,79.27,79.23,79.24,5602.0
2019-03-27 14:00:00,79.21,79.22,79.21,79.22,1291.0
2019-03-27 14:01:00,79.225,79.24,79.21,79.23,6160.0
2019-03-27 14:02:00,79.21,79.23,79.2,79.2,6127.0
2019-03-27 14:03:00,79.22,79.22,79.22,79.22,697.0
2019-03-27 14:04:00,79.23,79.3,79.23,79.3,3284.0
2019-03-27 14:05:00,79.3,79.3,79.28,79.28,3695.0
2019-03-27 14:06:00,79.26,79.26,79.23,79.23,5704.0
2019-03-27 14:07:00,79.22,79.26,79.22,79.26,1358.0
2019-03-27 14:08:00,79.21,79.23,79.19,79.23,12110.0
2019-03-27 14:09:00,79.27,79.27,79.23,79.23,2120.0
2019-03-27 14:10:00,79.24,79.24,79.24,79.24,336.0
2019-03-27 14:11:00,79.25,79.255,79.24,79.255,2039.0
2019-03-27 14:12:00,79.25,79.3,79.25,79.27,17363.0
2019-03-27 14:13:00,79.28,79.3,79.27,79.27,4518.0
2019-03-27 14:14:00,79.295,79.295,79.27,79.28,2744.0
2019-03-27 14:15:00,79.3,79.3002,79.29,79.3,4433.0
2019-03-27 14:16:00,79.3,79.3,79.29,79.29,3708.0
2019-03-27 14:17:00,79.28,79.29,79.26,79.26,1914.0
2019-03-27 14:18:00,79.27,79.3,79.26,79.26,54636.0
2019-03-27 14:19:00,79.255,79.29,79.2,79.2,21863.0
2019-03-27 14:20:00,79.22,79.22,79.22,79.22,324.0
2019-03-27 14:21:00,79.23,79.23,79.23,79.23,720.0
2019-03-27 14:22:00,79.2,79.2,79.17,79.18,2880.0
2019-03-27 14:23:00,79.17,79.17,79.17,79.17,1918.0
2019-03-27 14:24:00,79.15,79.195,79.15,79.195,2518.0
2019-03-27 14:25:00,79.21,79.21,79.21,79.21,2432.0
2019-03-27 14:26:00,79.215,79.215,79.21,79.21,1827.0
2019-03-27 14:27:00,79.19,79.21,79.19,79.21,2952.0
2019-03-27 14:28:00,79.19,79.19,79.17,79.19,3629.0
2019-03-27 14:29:00,79.19,79.2,79.19,79.2,2052.0
2019-03-27 14:30:00,79.22,79.22,79.2,79.22,2337.0
2019-03-27 14:31:00,79.23,79.26,79.23,79.24,6247.0
2019-03-27 14:32:00,79.27,79.27,79.25,79.26,5939.0
2019-03-27 14:33:00,79.24,79.24,79.215,79.215,2626.0
2019-03-27 14:34:00,79.22,79.23,79.22,79.23,2043.0
2019-03-27 14:35:00,79.24,79.24,79.22,79.22,2961.0
2019-03-27 14:36:00,79.21,79.21,79.2,79.2,1595.0
2019-03-27 14:37:00,79.2,79.21,79.2,79.21,4639.0
2019-03-27 14:38:00,79.19,79.19,79.15,79.15,4013.0
2019-03-27 14:39:00,79.12,79.12,79.02,79.02,6626.0
2019-03-27 14:40:00,79.02,79.02,79.02,79.02,1174.0
2019-03-27 14:41:00,79.01,79.07,79.01,79.07,5732.0
2019-03-27 14:42:00,79.095,79.095,79.065,79.065,5810.0
2019-03-27 14:43:00,79.06,79.07,79.05,79.07,3015.0
2019-03-27 14:44:00,79.05,79.05,79.03,79.05,2670.0
2019-03-27 14:45:00,79.05,79.05,79.03,79.04,2782.0
2019-03-27 14:46:00,79.05,79.06,79.045,79.045,4734.0
2019-03-27 14:47:00,79.035,79.035,79.02,79.02,1477.0
2019-03-27 14:48:00,79.01,79.02,79.01,79.02,1916.0
2019-03-27 14:49:00,79.02,79.035,79.02,79.035,3458.0
2019-03-27 14:50:00,79.05,79.07,79.05,79.06,2779.0
2019-03-27 14:51:00,79.06,79.11,79.06,79.11,1905.0
2019-03-27 14:52:00,79.07,79.095,79.07,79.095,5816.0
2019-03-27 14:53:00,79.09,79.09,79.07,79.07,3417.0
2019-03-27 14:54:00,79.1,79.1,79.07,79.07,1912.0
2019-03-27 14:55:00,79.06,79.07,79.06,79.07,2043.0
2019-03-27 14:56:00,79.1,79.11,79.1,79.11,1926.0
2019-03-27 14:57:00,79.11,79.11,79.09,79.09,4296.0
2019-03-27 14:58:00,79.11,79.11,79.08,79.08,1840.0
2019-03-27 14:59:00,79.06,79.06,79.05,79.06,3061.0
2019-03-27 15:00:00,79.08,79.08,79.05,79.075,5010.0
2019-03-27 15:01:00,79.05,79.055,79.045,79.045,4326.0
2019-03-27 15:02:00,79.055,79.055,79.02,79.05,3076.0
2019-03-27 15:03:00,79.03,79.03,79.01,79.01,2790.0
2019-03-27 15:04:00,79.01,79.025,79.01,79.025,1381.0
2019-03-27 15:05:00,79.04,79.04,79.04,79.04,687.0
2019-03-27 15:06:00,79.03,79.065,79.01,79.065,5407.0
2019-03-27 15:07:00,79.06,79.06,79.05,79.05,2274.0
2019-03-27 15:08:00,79.06,79.06,79.04,79.04,1149.0
2019-03-27 15:09:00,79.03,79.03,78.955,78.955,5482.0
2019-03-27 15:10:00,78.96,78.97,78.94,78.94,4581.0
2019-03-27 15:11:00,78.95,78.97,78.95,78.97,2747.0
2019-03-27 15:12:00,78.99,79.01,78.98,79.01,4214.0
2019-03-27 15:13:00,79.045,79.045,79.02,79.02,1304.0
2019-03-27 15:14:00,79.0,79.0,79.0,79.0,625.0
2019-03-27 15:15:00,78.995,79.02,78.995,79.02,1459.0
2019-03-27 15:16:00,79.01,79.03,79.01,79.03,2687.0
2019-03-27 15:17:00,79.02,79.07,79.02,79.07,2519.0
2019-03-27 15:18:00,79.065,79.065,79.02,79.02,3370.0
2019-03-27 15:19:00,79.03,79.03,79.025,79.025,1319.0
2019-03-27 15:20:00,79.05,79.055,79.05,79.055,1606.0
2019-03-27 15:21:00,79.09,79.09,79.07,79.07,4274.0
2019-03-27 15:22:00,79.04,79.04,79.035,79.035,1320.0
2019-03-27 15:23:00,79.055,79.09,79.055,79.09,2351.0
2019-03-27 15:24:00,79.12,79.13,79.12,79.12,7406.0
2019-03-27 15:25:00,79.13,79.13,79.13,79.13,2517.0
2019-03-27 15:26:00,79.105,79.13,79.105,79.13,3396.0
2019-03-27 15:27:00,79.14,79.15,79.12,79.14,4581.0
2019-03-27 15:28:00,79.16,79.16,79.16,79.16,1005.0
2019-03-27 15:29:00,79.17,79.17,79.14,79.15,5477.0
2019-03-27 15:30:00,79.17,79.18,79.15,79.18,3246.0
2019-03-27 15:31:00,79.21,79.29,79.21,79.27,8427.0
2019-03-27 15:32:00,79.27,79.27,79.155,79.155,10445.0
2019-03-27 15:33:00,79.16,79.16,79.14,79.155,4792.0
2019-03-27 15:34:00,79.13,79.13,79.12,79.12,5794.0
2019-03-27 15:35:00,79.14,79.15,79.125,79.15,7923.0
2019-03-27 15:36:00,79.15,79.19,79.15,79.19,8137.0
2019-03-27 15:37:00,79.19,79.19,79.19,79.19,860.0
2019-03-27 15:38:00,79.155,79.17,79.13,79.13,12923.0
2019-03-27 15:39:00,79.135,79.135,79.13,79.13,3695.0
2019-03-27 15:40:00,79.12,79.14,79.12,79.14,4789.0
2019-03-27 15:41:00,79.14,79.15,79.125,79.135,8337.0
2019-03-27 15:42:00,79.18,79.22,79.18,79.22,8120.0
2019-03-27 15:43:00,79.215,79.215,79.2,79.2,5633.0
2019-03-27 15:44:00,79.19,79.193,79.17,79.17,7867.0
2019-03-27 15:45:00,79.16,79.16,79.14,79.155,5336.0
2019-03-27 15:46:00,79.15,79.22,79.15,79.21,9862.0
2019-03-27 15:47:00,79.23,79.23,79.16,79.16,10063.0
2019-03-27 15:48:00,79.15,79.155,79.1483,79.1483,5294.0
2019-03-27 15:49:00,79.155,79.18,79.155,79.17,5545.0
2019-03-27 15:50:00,79.175,79.175,79.155,79.16,7010.0
2019-03-27 15:51:00,79.155,79.155,79.14,79.14,5600.0
2019-03-27 15:52:00,79.155,79.16,79.155,79.16,4295.0
2019-03-27 15:53:00,79.155,79.155,79.07,79.08,21127.0
2019-03-27 15:54:00,79.06,79.06,78.99,78.99,15740.0
2019-03-27 15:55:00,78.98,79.0,78.97,78.97,15695.0
2019-03-27 15:56:00,78.97,79.0,78.97,78.98,17993.0
2019-03-27 15:57:00,78.99,79.0,78.96,79.0,14870.0
2019-03-27 15:58:00,78.98,78.985,78.98,78.985,9951.0
2019-03-27 15:59:00,78.98,78.98,78.95,78.96,23361.0
2019-03-27 16:00:00,78.96,79.0,78.96,78.98,35000.0
2019-03-28 09:32:00,79.52,79.52,79.52,79.52,7990.0
2019-03-28 09:33:00,79.5,79.5,79.43,79.43,2249.0
2019-03-28 09:34:00,79.46,79.46,79.46,79.46,2582.0
2019-03-28 09:35:00,79.43,79.43,79.25,79.33,8866.0
2019-03-28 09:36:00,79.36,79.36,79.36,79.36,960.0
2019-03-28 09:37:00,79.29,79.35,79.29,79.35,3369.0
2019-03-28 09:38:00,79.36,79.41,79.36,79.41,1667.0
2019-03-28 09:39:00,79.37,79.37,79.32,79.32,1553.0
2019-03-28 09:40:00,79.31,79.31,79.31,79.31,759.0
2019-03-28 09:42:00,79.41,79.41,79.36,79.36,2966.0
2019-03-28 09:43:00,79.32,79.34,79.32,79.34,3461.0
2019-03-28 09:44:00,79.345,79.35,79.345,79.35,1929.0
2019-03-28 09:45:00,79.315,79.37,79.27,79.29,86162.0
2019-03-28 09:47:00,79.28,79.28,79.28,79.28,1578.0
2019-03-28 09:48:00,79.3499,79.35,79.3499,79.35,2027.0
2019-03-28 09:49:00,79.37,79.37,79.33,79.33,2694.0
2019-03-28 09:50:00,79.3,79.3025,79.26,79.28,7326.0
2019-03-28 09:51:00,79.295,79.3,79.22,79.22,3238.0
2019-03-28 09:52:00,79.19,79.24,79.12,79.12,5185.0
2019-03-28 09:53:00,79.16,79.21,79.16,79.21,2243.0
2019-03-28 09:54:00,79.23,79.26,79.23,79.26,1821.0
2019-03-28 09:55:00,79.26,79.26,79.19,79.19,4538.0
2019-03-28 09:56:00,79.24,79.25,79.24,79.25,2493.0
2019-03-28 09:57:00,79.33,79.33,79.31,79.31,1878.0
2019-03-28 09:58:00,79.32,79.32,79.32,79.32,1704.0
2019-03-28 09:59:00,79.29,79.35,79.275,79.35,22664.0
2019-03-28 10:00:00,79.43,79.43,79.4,79.4,2797.0
2019-03-28 10:01:00,79.4,79.4,79.37,79.37,2917.0
2019-03-28 10:02:00,79.35,79.35,79.3,79.3,7923.0
2019-03-28 10:03:00,79.29,79.32,79.25,79.25,64658.0
2019-03-28 10:04:00,79.32,79.35,79.31,79.35,15601.0
2019-03-28 10:05:00,79.39,79.39,79.31,79.32,17276.0
2019-03-28 10:06:00,79.29,79.31,79.25,79.25,58445.0
2019-03-28 10:07:00,79.305,79.33,79.28,79.28,4204.0
2019-03-28 10:08:00,79.35,79.35,79.3,79.3,10803.0
2019-03-28 10:09:00,79.3,79.31,79.3,79.31,4794.0
2019-03-28 10:10:00,79.41,79.46,79.41,79.46,8440.0
2019-03-28 10:11:00,79.47,79.47,79.47,79.47,293.0
2019-03-28 10:12:00,79.45,79.51,79.45,79.48,3829.0
2019-03-28 10:13:00,79.49,79.49,79.49,79.49,830.0
2019-03-28 10:14:00,79.47,79.47,79.47,79.47,1487.0
2019-03-28 10:15:00,79.42,79.42,79.42,79.42,1241.0
2019-03-28 10:16:00,79.45,79.45,79.45,79.45,2221.0
2019-03-28 10:17:00,79.46,79.46,79.415,79.415,1707.0
2019-03-28 10:18:00,79.38,79.4,79.38,79.4,1967.0
2019-03-28 10:19:00,79.37,79.37,79.37,79.37,1765.0
2019-03-28 10:20:00,79.36,79.36,79.36,79.36,1305.0
2019-03-28 10:21:00,79.43,79.43,79.41,79.41,2172.0
2019-03-28 10:22:00,79.37,79.39,79.37,79.39,2952.0
2019-03-28 10:23:00,79.38,79.38,79.38,79.38,1682.0
2019-03-28 10:25:00,79.43,79.43,79.43,79.43,1056.0
2019-03-28 10:26:00,79.41,79.41,79.38,79.38,1730.0
2019-03-28 10:27:00,79.38,79.39,79.37,79.37,2401.0
2019-03-28 10:28:00,79.35,79.35,79.34,79.34,2116.0
2019-03-28 10:29:00,79.34,79.34,79.34,79.34,1012.0
2019-03-28 10:30:00,79.36,79.36,79.34,79.34,1432.0
2019-03-28 10:31:00,79.39,79.39,79.39,79.39,2389.0
2019-03-28 10:32:00,79.44,79.44,79.44,79.44,1254.0
2019-03-28 10:33:00,79.43,79.43,79.4,79.4,5643.0
2019-03-28 10:34:00,79.425,79.46,79.425,79.46,3049.0
2019-03-28 10:35:00,79.505,79.505,79.47,79.47,4257.0
2019-03-28 10:36:00,79.52,79.52,79.52,79.52,1026.0
2019-03-28 10:37:00,79.515,79.515,79.505,79.505,3301.0
2019-03-28 10:38:00,79.54,79.54,79.49,79.49,1916.0
2019-03-28 10:39:00,79.5,79.5,79.42,79.45,2774.0
2019-03-28 10:40:00,79.39,79.39,79.39,79.39,1955.0
2019-03-28 10:41:00,79.38,79.4,79.38,79.4,2425.0
2019-03-28 10:42:00,79.41,79.43,79.41,79.43,2006.0
2019-03-28 10:43:00,79.43,79.43,79.43,79.43,1002.0
2019-03-28 10:44:00,79.435,79.435,79.435,79.435,1490.0
2019-03-28 10:45:00,79.34,79.34,79.34,79.34,15361.0
2019-03-28 10:46:00,79.34,79.34,79.3,79.3,2374.0
2019-03-28 10:47:00,79.27,79.27,79.27,79.27,3643.0
2019-03-28 10:48:00,79.26,79.26,79.2,79.2,2178.0
2019-03-28 10:49:00,79.22,79.22,79.18,79.18,1772.0
2019-03-28 10:50:00,79.16,79.16,79.16,79.16,754.0
2019-03-28 10:51:00,79.13,79.13,79.12,79.12,2380.0
2019-03-28 10:52:00,79.115,79.115,79.115,79.115,2660.0
2019-03-28 10:53:00,79.1,79.13,79.1,79.13,1238.0
2019-03-28 10:54:00,79.1,79.1,79.1,79.1,1148.0
2019-03-28 10:55:00,79.13,79.13,79.13,79.13,1145.0
2019-03-28 10:56:00,79.05,79.05,79.0,79.0,5239.0
2019-03-28 10:57:00,79.055,79.055,79.03,79.03,3054.0
2019-03-28 10:58:00,79.03,79.03,79.01,79.01,1701.0
2019-03-28 10:59:00,78.93,78.97,78.93,78.95,9487.0
2019-03-28 11:00:00,78.95,78.95,78.95,78.95,939.0
2019-03-28 11:01:00,78.94,78.94,78.94,78.94,1029.0
2019-03-28 11:02:00,78.92,78.92,78.9,78.9,2580.0
2019-03-28 11:03:00,78.82,78.855,78.82,78.855,9099.0
2019-03-28 11:04:00,78.85,78.85,78.85,78.85,1314.0
2019-03-28 11:05:00,78.83,78.85,78.83,78.85,6068.0
2019-03-28 11:06:00,78.84,78.84,78.81,78.81,1964.0
2019-03-28 11:07:00,78.78,78.82,78.78,78.82,2143.0
2019-03-28 11:08:00,78.83,78.83,78.83,78.83,1465.0
2019-03-28 11:09:00,78.84,78.84,78.83,78.83,2530.0
2019-03-28 11:10:00,78.83,78.83,78.83,78.83,420.0
2019-03-28 11:11:00,78.83,78.94,78.83,78.94,17985.0
2019-03-28 11:12:00,78.95,78.96,78.95,78.96,2368.0
2019-03-28 11:13:00,78.95,78.96,78.94,78.96,16471.0
2019-03-28 11:14:00,78.95,78.95,78.95,78.95,1337.0
2019-03-28 11:15:00,78.96,78.98,78.955,78.955,25017.0
2019-03-28 11:16:00,78.93,78.93,78.89,78.89,4682.0
2019-03-28 11:17:00,78.89,78.91,78.89,78.91,1530.0
2019-03-28 11:18:00,78.98,78.99,78.97,78.99,4910.0
2019-03-28 11:19:00,78.97,78.97,78.97,78.97,5864.0
2019-03-28 11:20:00,78.97,78.98,78.95,78.95,13520.0
2019-03-28 11:21:00,78.945,78.98,78.93,78.98,8151.0
2019-03-28 11:22:00,78.98,79.0,78.98,79.0,1150.0
2019-03-28 11:23:00,78.96,78.96,78.94,78.94,14309.0
2019-03-28 11:24:00,78.88,78.91,78.87,78.87,11746.0
2019-03-28 11:25:00,78.885,78.915,78.885,78.9,5364.0
2019-03-28 11:26:00,78.9,78.9,78.87,78.87,15422.0
2019-03-28 11:27:00,78.86,78.86,78.81,78.85,8922.0
2019-03-28 11:28:00,78.84,78.84,78.8,78.8,2948.0
2019-03-28 11:29:00,78.79,78.79,78.76,78.76,6873.0
2019-03-28 11:30:00,78.75,78.75,78.71,78.715,4733.0
2019-03-28 11:31:00,78.73,78.75,78.73,78.75,4439.0
2019-03-28 11:32:00,78.79,78.79,78.79,78.79,945.0
2019-03-28 11:33:00,78.84,78.84,78.84,78.84,840.0
2019-03-28 11:34:00,78.85,78.86,78.85,78.86,2367.0
2019-03-28 11:35:00,78.91,78.91,78.91,78.91,2025.0
2019-03-28 11:36:00,78.89,78.92,78.89,78.91,2931.0
2019-03-28 11:37:00,78.89,78.92,78.89,78.92,3140.0
2019-03-28 11:38:00,78.94,78.94,78.92,78.935,2882.0
2019-03-28 11:39:00,78.94,78.96,78.94,78.96,3336.0
2019-03-28 11:40:00,79.0,79.03,79.0,79.01,3398.0
2019-03-28 11:41:00,79.025,79.025,78.98,78.98,8996.0
2019-03-28 11:42:00,78.96,79.0,78.96,78.999,8530.0
2019-03-28 11:43:00,79.0,79.0,78.965,78.99,6881.0
2019-03-28 11:44:00,78.99,79.01,78.99,79.01,2561.0
2019-03-28 11:46:00,79.02,79.04,79.02,79.04,1788.0
2019-03-28 11:47:00,79.025,79.04,79.02,79.04,4234.0
2019-03-28 11:48:00,79.12,79.159,79.12,79.159,4762.0
2019-03-28 11:49:00,79.16,79.23,79.16,79.23,7994.0
2019-03-28 11:50:00,79.24,79.26,79.23,79.23,5544.0
2019-03-28 11:51:00,79.23,79.23,79.22,79.22,1673.0
2019-03-28 11:52:00,79.21,79.21,79.21,79.21,761.0
2019-03-28 11:53:00,79.22,79.22,79.18,79.18,2204.0
2019-03-28 11:54:00,79.15,79.15,79.15,79.15,555.0
2019-03-28 11:55:00,79.12,79.14,79.12,79.14,1013.0
2019-03-28 11:56:00,79.16,79.16,79.16,79.16,501.0
2019-03-28 11:57:00,79.14,79.14,79.14,79.14,615.0
2019-03-28 11:58:00,79.13,79.13,79.13,79.13,805.0
2019-03-28 11:59:00,79.15,79.15,79.14,79.14,2703.0
2019-03-28 12:00:00,79.18,79.18,79.18,79.18,831.0
2019-03-28 12:01:00,79.13,79.14,79.13,79.14,1168.0
2019-03-28 12:02:00,79.19,79.19,79.19,79.19,375.0
2019-03-28 12:03:00,79.19,79.19,79.19,79.19,1497.0
2019-03-28 12:04:00,79.17,79.19,79.17,79.19,1313.0
2019-03-28 12:05:00,79.18,79.18,79.18,79.18,808.0
2019-03-28 12:06:00,79.22,79.225,79.22,79.225,799.0
2019-03-28 12:07:00,79.24,79.24,79.24,79.24,1058.0
2019-03-28 12:09:00,79.22,79.22,79.22,79.22,884.0
2019-03-28 12:10:00,79.18,79.2,79.18,79.2,1708.0
2019-03-28 12:11:00,79.18,79.18,79.17,79.17,1937.0
2019-03-28 12:12:00,79.2,79.2,79.2,79.2,792.0
2019-03-28 12:13:00,79.18,79.18,79.15,79.15,1154.0
2019-03-28 12:14:00,79.16,79.16,79.12,79.12,1527.0
2019-03-28 12:15:00,79.135,79.135,79.135,79.135,593.0
2019-03-28 12:16:00,79.13,79.13,79.13,79.13,552.0
2019-03-28 12:17:00,79.12,79.13,79.12,79.13,1344.0
2019-03-28 12:18:00,79.155,79.18,79.155,79.18,1774.0
2019-03-28 12:19:00,79.19,79.19,79.19,79.19,358.0
2019-03-28 12:20:00,79.19,79.2,79.19,79.2,2125.0
2019-03-28 12:21:00,79.22,79.23,79.2,79.2,2702.0
2019-03-28 12:22:00,79.23,79.23,79.2,79.2,6744.0
2019-03-28 12:23:00,79.19,79.19,79.19,79.19,1799.0
2019-03-28 12:24:00,79.21,79.2148,79.21,79.2148,3233.0
2019-03-28 12:26:00,79.2,79.2,79.2,79.2,4453.0
2019-03-28 12:27:00,79.21,79.21,79.21,79.21,1425.0
2019-03-28 12:28:00,79.17,79.23,79.17,79.23,6073.0
2019-03-28 12:29:00,79.22,79.22,79.22,79.22,842.0
2019-03-28 12:30:00,79.25,79.25,79.25,79.25,1040.0
2019-03-28 12:31:00,79.26,79.26,79.26,79.26,385.0
2019-03-28 12:32:00,79.3,79.3,79.3,79.3,1380.0
2019-03-28 12:33:00,79.29,79.29,79.29,79.29,795.0
2019-03-28 12:34:00,79.28,79.3,79.27,79.27,1704.0
2019-03-28 12:35:00,79.27,79.27,79.27,79.27,480.0
2019-03-28 12:36:00,79.28,79.28,79.28,79.28,667.0
2019-03-28 12:37:00,79.31,79.31,79.31,79.31,2260.0
2019-03-28 12:38:00,79.35,79.35,79.35,79.35,744.0
2019-03-28 12:39:00,79.335,79.36,79.335,79.36,1223.0
2019-03-28 12:40:00,79.38,79.38,79.38,79.38,325.0
2019-03-28 12:41:00,79.4,79.4,79.4,79.4,295.0
2019-03-28 12:42:00,79.4,79.4,79.39,79.39,1216.0
2019-03-28 12:43:00,79.38,79.38,79.38,79.38,917.0
2019-03-28 12:44:00,79.37,79.37,79.37,79.37,284.0
2019-03-28 12:45:00,79.38,79.38,79.38,79.38,2737.0
2019-03-28 12:46:00,79.37,79.37,79.37,79.37,853.0
2019-03-28 12:47:00,79.355,79.355,79.355,79.355,1315.0
2019-03-28 12:48:00,79.35,79.35,79.35,79.35,926.0
2019-03-28 12:49:00,79.35,79.35,79.325,79.325,944.0
2019-03-28 12:50:00,79.33,79.33,79.33,79.33,678.0
2019-03-28 12:51:00,79.34,79.36,79.34,79.36,1179.0
2019-03-28 12:52:00,79.39,79.39,79.39,79.39,686.0
2019-03-28 12:53:00,79.41,79.41,79.41,79.41,2320.0
2019-03-28 12:54:00,79.4,79.415,79.4,79.415,954.0
2019-03-28 12:55:00,79.41,79.41,79.41,79.41,735.0
2019-03-28 12:56:00,79.43,79.43,79.41,79.41,1131.0
2019-03-28 12:57:00,79.415,79.415,79.415,79.415,292.0
2019-03-28 12:58:00,79.44,79.44,79.44,79.44,775.0
2019-03-28 12:59:00,79.43,79.43,79.43,79.43,267.0
2019-03-28 13:00:00,79.44,79.44,79.44,79.44,562.0
2019-03-28 13:01:00,79.44,79.44,79.44,79.44,373.0
2019-03-28 13:02:00,79.45,79.45,79.45,79.45,557.0
2019-03-28 13:03:00,79.51,79.56,79.51,79.56,1831.0
2019-03-28 13:04:00,79.54,79.54,79.54,79.54,962.0
2019-03-28 13:05:00,79.58,79.58,79.58,79.58,596.0
2019-03-28 13:06:00,79.57,79.57,79.53,79.53,2116.0
2019-03-28 13:07:00,79.55,79.55,79.55,79.55,826.0
2019-03-28 13:08:00,79.56,79.56,79.55,79.55,968.0
2019-03-28 13:09:00,79.53,79.55,79.53,79.55,2116.0
2019-03-28 13:10:00,79.58,79.58,79.55,79.55,1623.0
2019-03-28 13:11:00,79.57,79.57,79.57,79.57,442.0
2019-03-28 13:12:00,79.56,79.6,79.56,79.6,2745.0
2019-03-28 13:13:00,79.59,79.6,79.58,79.6,2490.0
2019-03-28 13:14:00,79.57,79.57,79.57,79.57,516.0
2019-03-28 13:15:00,79.585,79.585,79.565,79.565,880.0
2019-03-28 13:16:00,79.57,79.57,79.54,79.54,905.0
2019-03-28 13:17:00,79.52,79.52,79.52,79.52,769.0
2019-03-28 13:18:00,79.54,79.56,79.54,79.56,903.0
2019-03-28 13:19:00,79.55,79.56,79.55,79.56,901.0
2019-03-28 13:20:00,79.56,79.56,79.56,79.56,1213.0
2019-03-28 13:21:00,79.57,79.57,79.57,79.57,329.0
2019-03-28 13:22:00,79.57,79.57,79.57,79.57,1124.0
2019-03-28 13:23:00,79.59,79.59,79.59,79.59,432.0
2019-03-28 13:24:00,79.585,79.585,79.57,79.57,1923.0
2019-03-28 13:25:00,79.57,79.57,79.57,79.57,941.0
2019-03-28 13:26:00,79.56,79.565,79.54,79.54,2594.0
2019-03-28 13:27:00,79.55,79.55,79.55,79.55,1057.0
2019-03-28 13:28:00,79.55,79.56,79.55,79.56,800.0
2019-03-28 13:29:00,79.55,79.56,79.54,79.56,2237.0
2019-03-28 13:30:00,79.58,79.58,79.58,79.58,720.0
2019-03-28 13:31:00,79.6,79.6,79.6,79.6,1152.0
2019-03-28 13:32:00,79.615,79.66,79.615,79.66,3719.0
2019-03-28 13:33:00,79.65,79.67,79.65,79.67,1881.0
2019-03-28 13:34:00,79.67,79.67,79.67,79.67,1401.0
2019-03-28 13:35:00,79.67,79.67,79.64,79.64,2471.0
2019-03-28 13:36:00,79.61,79.61,79.59,79.59,1088.0
2019-03-28 13:37:00,79.61,79.61,79.6,79.6,1250.0
2019-03-28 13:38:00,79.6,79.6,79.6,79.6,1625.0
2019-03-28 13:39:00,79.59,79.59,79.59,79.59,135.0
2019-03-28 13:40:00,79.59,79.59,79.57,79.57,1827.0
2019-03-28 13:41:00,79.555,79.555,79.555,79.555,1167.0
2019-03-28 13:42:00,79.55,79.55,79.53,79.53,2262.0
2019-03-28 13:43:00,79.54,79.55,79.54,79.55,6098.0
2019-03-28 13:44:00,79.53,79.53,79.53,79.53,1911.0
2019-03-28 13:45:00,79.525,79.525,79.52,79.52,1234.0
2019-03-28 13:46:00,79.511,79.52,79.511,79.52,1435.0
2019-03-28 13:47:00,79.515,79.515,79.515,79.515,512.0
2019-03-28 13:48:00,79.51,79.54,79.51,79.54,1394.0
2019-03-28 13:49:00,79.55,79.56,79.55,79.56,1172.0
2019-03-28 13:50:00,79.57,79.57,79.56,79.57,2402.0
2019-03-28 13:51:00,79.58,79.6,79.58,79.58,2962.0
2019-03-28 13:53:00,79.6,79.62,79.6,79.62,1126.0
2019-03-28 13:54:00,79.62,79.63,79.62,79.63,1769.0
2019-03-28 13:55:00,79.65,79.65,79.65,79.65,568.0
2019-03-28 13:56:00,79.635,79.635,79.635,79.635,582.0
2019-03-28 13:57:00,79.64,79.64,79.63,79.64,3871.0
2019-03-28 13:58:00,79.625,79.63,79.61,79.61,2610.0
2019-03-28 13:59:00,79.58,79.58,79.58,79.58,2722.0
2019-03-28 14:00:00,79.58,79.58,79.58,79.58,398.0
2019-03-28 14:01:00,79.61,79.61,79.61,79.61,2729.0
2019-03-28 14:02:00,79.61,79.61,79.6,79.6,2286.0
2019-03-28 14:03:00,79.61,79.6107,79.61,79.6107,1533.0
2019-03-28 14:04:00,79.62,79.64,79.62,79.64,2059.0
2019-03-28 14:05:00,79.6139,79.62,79.6139,79.62,1219.0
2019-03-28 14:06:00,79.62,79.62,79.62,79.62,554.0
2019-03-28 14:07:00,79.62,79.62,79.57,79.57,6718.0
2019-03-28 14:08:00,79.555,79.555,79.555,79.555,732.0
2019-03-28 14:09:00,79.545,79.545,79.545,79.545,521.0
2019-03-28 14:10:00,79.53,79.55,79.53,79.55,1004.0
2019-03-28 14:11:00,79.54,79.59,79.54,79.59,1444.0
2019-03-28 14:12:00,79.58,79.59,79.58,79.59,1629.0
2019-03-28 14:13:00,79.59,79.59,79.59,79.59,607.0
2019-03-28 14:14:00,79.59,79.59,79.59,79.59,996.0
2019-03-28 14:15:00,79.61,79.61,79.595,79.595,2840.0
2019-03-28 14:16:00,79.59,79.59,79.59,79.59,1851.0
2019-03-28 14:18:00,79.57,79.57,79.55,79.55,2284.0
2019-03-28 14:20:00,79.55,79.55,79.55,79.55,924.0
2019-03-28 14:21:00,79.58,79.58,79.57,79.57,1552.0
2019-03-28 14:22:00,79.57,79.57,79.56,79.56,1409.0
2019-03-28 14:24:00,79.59,79.59,79.57,79.57,2025.0
2019-03-28 14:25:00,79.58,79.58,79.58,79.58,940.0
2019-03-28 14:26:00,79.595,79.62,79.595,79.62,1816.0
2019-03-28 14:27:00,79.6,79.61,79.59,79.59,2397.0
2019-03-28 14:28:00,79.59,79.59,79.59,79.59,845.0
2019-03-28 14:29:00,79.58,79.58,79.56,79.56,3690.0
2019-03-28 14:30:00,79.58,79.58,79.57,79.57,1650.0
2019-03-28 14:31:00,79.56,79.56,79.56,79.56,1395.0
2019-03-28 14:32:00,79.56,79.565,79.56,79.565,1452.0
2019-03-28 14:33:00,79.56,79.57,79.56,79.57,1677.0
2019-03-28 14:34:00,79.57,79.57,79.57,79.57,1381.0
2019-03-28 14:35:00,79.55,79.55,79.55,79.55,1936.0
2019-03-28 14:37:00,79.55,79.56,79.55,79.56,3226.0
2019-03-28 14:38:00,79.57,79.57,79.57,79.57,565.0
2019-03-28 14:39:00,79.6,79.61,79.6,79.61,1753.0
2019-03-28 14:40:00,79.6,79.605,79.6,79.605,1367.0
2019-03-28 14:41:00,79.6,79.6,79.6,79.6,535.0
2019-03-28 14:42:00,79.6,79.6,79.59,79.6,1982.0
2019-03-28 14:43:00,79.595,79.595,79.585,79.585,3390.0
2019-03-28 14:44:00,79.58,79.59,79.58,79.59,1636.0
2019-03-28 14:45:00,79.575,79.575,79.575,79.575,641.0
2019-03-28 14:46:00,79.57,79.57,79.57,79.57,400.0
2019-03-28 14:47:00,79.56,79.56,79.56,79.56,1186.0
2019-03-28 14:48:00,79.58,79.6,79.58,79.58,2638.0
2019-03-28 14:49:00,79.57,79.57,79.54,79.54,2908.0
2019-03-28 14:51:00,79.51,79.51,79.51,79.51,1391.0
2019-03-28 14:52:00,79.5,79.52,79.5,79.52,1353.0
2019-03-28 14:53:00,79.49,79.49,79.46,79.46,5389.0
2019-03-28 14:54:00,79.47,79.49,79.47,79.49,4044.0
2019-03-28 14:55:00,79.48,79.48,79.47,79.47,1848.0
2019-03-28 14:56:00,79.47,79.5,79.47,79.5,3011.0
2019-03-28 14:57:00,79.515,79.515,79.51,79.51,2940.0
2019-03-28 14:58:00,79.51,79.51,79.51,79.51,3708.0
2019-03-28 14:59:00,79.49,79.49,79.49,79.49,1007.0
2019-03-28 15:00:00,79.5,79.5,79.49,79.49,1913.0
2019-03-28 15:01:00,79.49,79.49,79.49,79.49,2904.0
2019-03-28 15:02:00,79.48,79.53,79.48,79.53,3941.0
2019-03-28 15:03:00,79.53,79.55,79.53,79.55,1277.0
2019-03-28 15:04:00,79.58,79.59,79.58,79.58,3938.0
2019-03-28 15:05:00,79.565,79.565,79.55,79.55,1880.0
2019-03-28 15:06:00,79.545,79.565,79.545,79.565,2424.0
2019-03-28 15:08:00,79.55,79.55,79.53,79.53,5010.0
2019-03-28 15:09:00,79.52,79.52,79.52,79.52,2068.0
2019-03-28 15:10:00,79.515,79.52,79.515,79.515,2927.0
2019-03-28 15:11:00,79.515,79.52,79.515,79.52,1365.0
2019-03-28 15:12:00,79.54,79.54,79.54,79.54,1340.0
2019-03-28 15:13:00,79.53,79.57,79.53,79.57,6874.0
2019-03-28 15:14:00,79.55,79.56,79.545,79.56,3320.0
2019-03-28 15:15:00,79.54,79.54,79.54,79.54,644.0
2019-03-28 15:16:00,79.56,79.6,79.56,79.6,5008.0
2019-03-28 15:17:00,79.61,79.61,79.56,79.56,2530.0
2019-03-28 15:18:00,79.55,79.55,79.55,79.55,425.0
2019-03-28 15:19:00,79.54,79.54,79.53,79.53,1585.0
2019-03-28 15:20:00,79.53,79.57,79.53,79.57,3486.0
2019-03-28 15:21:00,79.58,79.58,79.55,79.55,2256.0
2019-03-28 15:22:00,79.57,79.59,79.57,79.585,2986.0
2019-03-28 15:23:00,79.57,79.57,79.56,79.56,2230.0
2019-03-28 15:24:00,79.57,79.58,79.57,79.58,1544.0
2019-03-28 15:25:00,79.6,79.605,79.6,79.605,1709.0
2019-03-28 15:26:00,79.615,79.64,79.615,79.64,2655.0
2019-03-28 15:27:00,79.67,79.7,79.67,79.68,4154.0
2019-03-28 15:28:00,79.67,79.67,79.66,79.66,1866.0
2019-03-28 15:29:00,79.645,79.645,79.63,79.63,1567.0
2019-03-28 15:30:00,79.605,79.62,79.605,79.61,3971.0
2019-03-28 15:31:00,79.62,79.63,79.62,79.62,2543.0
2019-03-28 15:32:00,79.62,79.62,79.61,79.61,1081.0
2019-03-28 15:33:00,79.6,79.64,79.6,79.64,5093.0
2019-03-28 15:34:00,79.63,79.635,79.62,79.62,2233.0
2019-03-28 15:35:00,79.64,79.66,79.64,79.66,3123.0
2019-03-28 15:36:00,79.65,79.66,79.65,79.66,2571.0
2019-03-28 15:37:00,79.66,79.66,79.62,79.62,3816.0
2019-03-28 15:38:00,79.63,79.65,79.63,79.65,3264.0
2019-03-28 15:39:00,79.66,79.66,79.655,79.655,1354.0
2019-03-28 15:40:00,79.66,79.7,79.66,79.67,4550.0
2019-03-28 15:41:00,79.66,79.66,79.66,79.66,771.0
2019-03-28 15:42:00,79.66,79.66,79.66,79.66,5051.0
2019-03-28 15:43:00,79.66,79.67,79.65,79.65,5169.0
2019-03-28 15:44:00,79.66,79.7,79.66,79.7,3222.0
2019-03-28 15:45:00,79.68,79.68,79.67,79.67,2353.0
2019-03-28 15:46:00,79.66,79.67,79.62,79.67,11036.0
2019-03-28 15:47:00,79.665,79.7,79.665,79.695,6467.0
2019-03-28 15:48:00,79.6975,79.7,79.69,79.69,9102.0
2019-03-28 15:49:00,79.69,79.71,79.69,79.7,24152.0
2019-03-28 15:50:00,79.67,79.67,79.65,79.65,5462.0
2019-03-28 15:51:00,79.645,79.66,79.645,79.66,7009.0
2019-03-28 15:52:00,79.66,79.66,79.66,79.66,10781.0
2019-03-28 15:53:00,79.66,79.66,79.66,79.66,7618.0
2019-03-28 15:54:00,79.66,79.75,79.66,79.75,27219.0
2019-03-28 15:55:00,79.77,79.77,79.725,79.73,14965.0
2019-03-28 15:56:00,79.755,79.77,79.735,79.77,17592.0
2019-03-28 15:57:00,79.77,79.77,79.7,79.71,19353.0
2019-03-28 15:58:00,79.715,79.79,79.715,79.79,16918.0
2019-03-28 15:59:00,79.785,79.785,79.74,79.75,18859.0
2019-03-28 16:00:00,79.76,79.77,79.685,79.71,23844.0
2019-03-29 09:31:00,80.01,80.01,80.01,80.01,9442.0
2019-03-29 09:32:00,80.1782,80.1782,80.1782,80.1782,1421.0
2019-03-29 09:33:00,80.11,80.11,80.11,80.11,843.0
2019-03-29 09:35:00,80.3,80.33,80.3,80.33,1636.0
2019-03-29 09:36:00,80.29,80.29,80.15,80.15,2451.0
2019-03-29 09:37:00,80.2,80.2,80.2,80.2,479.0
2019-03-29 09:38:00,80.24,80.24,80.24,80.24,434.0
2019-03-29 09:40:00,80.27,80.27,80.2,80.2,1945.0
2019-03-29 09:41:00,80.21,80.21,80.21,80.21,1280.0
2019-03-29 09:42:00,80.2,80.2,80.2,80.2,935.0
2019-03-29 09:43:00,80.13,80.13,80.13,80.13,994.0
2019-03-29 09:45:00,80.2,80.21,80.13,80.13,3763.0
2019-03-29 09:46:00,80.09,80.09,80.09,80.09,743.0
2019-03-29 09:48:00,80.01,80.015,80.01,80.015,2224.0
2019-03-29 09:49:00,80.0,80.0,80.0,80.0,640.0
2019-03-29 09:50:00,80.03,80.03,80.03,80.03,1059.0
2019-03-29 09:52:00,80.09,80.09,80.06,80.06,2225.0
2019-03-29 09:53:00,80.08,80.08,80.08,80.08,772.0
2019-03-29 09:54:00,80.09,80.09,80.09,80.09,618.0
2019-03-29 09:55:00,80.15,80.17,80.15,80.16,4739.0
2019-03-29 09:56:00,80.17,80.17,80.1,80.1,4691.0
2019-03-29 09:58:00,80.14,80.14,80.14,80.14,901.0
2019-03-29 09:59:00,80.12,80.22,80.12,80.22,4447.0
2019-03-29 10:01:00,80.21,80.21,80.21,80.21,757.0
2019-03-29 10:02:00,80.21,80.24,80.21,80.24,1800.0
2019-03-29 10:03:00,80.23,80.265,80.23,80.265,2901.0
2019-03-29 10:04:00,80.23,80.23,80.23,80.23,1050.0
2019-03-29 10:05:00,80.25,80.25,80.25,80.25,1224.0
2019-03-29 10:06:00,80.225,80.23,80.225,80.23,2127.0
2019-03-29 10:07:00,80.2,80.2,80.2,80.2,930.0
2019-03-29 10:08:00,80.22,80.22,80.21,80.21,1139.0
2019-03-29 10:09:00,80.285,80.285,80.25,80.25,1508.0
2019-03-29 10:10:00,80.3,80.3,80.29,80.29,3171.0
2019-03-29 10:11:00,80.23,80.23,80.23,80.23,607.0
2019-03-29 10:12:00,80.22,80.23,80.22,80.23,1199.0
2019-03-29 10:15:00,80.27,80.27,80.26,80.26,3062.0
2019-03-29 10:16:00,80.27,80.27,80.24,80.24,1650.0
2019-03-29 10:17:00,80.23,80.25,80.23,80.25,1213.0
2019-03-29 10:18:00,80.27,80.27,80.27,80.27,620.0
2019-03-29 10:19:00,80.26,80.26,80.25,80.25,1506.0
2019-03-29 10:21:00,80.27,80.27,80.27,80.27,544.0
2019-03-29 10:22:00,80.27,80.27,80.27,80.27,1855.0
2019-03-29 10:23:00,80.26,80.27,80.26,80.26,3265.0
2019-03-29 10:24:00,80.26,80.26,80.26,80.26,532.0
2019-03-29 10:25:00,80.27,80.27,80.27,80.27,1012.0
2019-03-29 10:26:00,80.31,80.37,80.31,80.37,2446.0
2019-03-29 10:27:00,80.37,80.37,80.36,80.37,4041.0
2019-03-29 10:28:00,80.35,80.4,80.35,80.4,3509.0
2019-03-29 10:29:00,80.42,80.42,80.42,80.42,1335.0
2019-03-29 10:31:00,80.4331,80.4331,80.33,80.33,6481.0
2019-03-29 10:32:00,80.35,80.35,80.35,80.35,1032.0
2019-03-29 10:33:00,80.36,80.36,80.36,80.36,359.0
2019-03-29 10:34:00,80.36,80.36,80.35,80.35,2658.0
2019-03-29 10:35:00,80.37,80.37,80.37,80.37,1223.0
2019-03-29 10:36:00,80.32,80.37,80.32,80.37,1939.0
2019-03-29 10:37:00,80.34,80.34,80.31,80.31,1200.0
2019-03-29 10:38:00,80.27,80.27,80.27,80.27,427.0
2019-03-29 10:39:00,80.3,80.3,80.3,80.3,475.0
2019-03-29 10:40:00,80.31,80.31,80.31,80.31,793.0
2019-03-29 10:41:00,80.26,80.26,80.26,80.26,3084.0
2019-03-29 10:42:00,80.25,80.25,80.25,80.25,1184.0
2019-03-29 10:43:00,80.13,80.21,80.13,80.21,1885.0
2019-03-29 10:44:00,80.2,80.2,80.2,80.2,664.0
2019-03-29 10:45:00,80.17,80.17,80.09,80.09,2138.0
2019-03-29 10:46:00,80.08,80.11,80.08,80.11,1819.0
2019-03-29 10:47:00,80.1,80.1,80.1,80.1,1129.0
2019-03-29 10:48:00,80.12,80.12,80.12,80.12,1553.0
2019-03-29 10:49:00,80.13,80.13,80.12,80.12,1294.0
2019-03-29 10:50:00,80.06,80.06,80.03,80.05,4126.0
2019-03-29 10:51:00,80.05,80.05,80.05,80.05,500.0
2019-03-29 10:52:00,80.03,80.03,80.03,80.03,909.0
2019-03-29 10:53:00,79.99,79.99,79.99,79.99,639.0
2019-03-29 10:54:00,79.9801,79.9801,79.98,79.98,1850.0
2019-03-29 10:55:00,79.98,79.98,79.98,79.98,652.0
2019-03-29 10:56:00,79.99,80.01,79.99,80.0,2298.0
2019-03-29 10:58:00,79.975,79.975,79.975,79.975,904.0
2019-03-29 10:59:00,79.99,79.99,79.99,79.99,431.0
2019-03-29 11:00:00,80.0,80.0,80.0,80.0,734.0
2019-03-29 11:01:00,80.02,80.02,80.02,80.02,2097.0
2019-03-29 11:02:00,80.04,80.04,80.04,80.04,1973.0
2019-03-29 11:03:00,80.06,80.06,80.06,80.06,905.0
2019-03-29 11:04:00,80.07,80.11,80.07,80.11,3963.0
2019-03-29 11:05:00,80.11,80.11,80.07,80.07,1897.0
2019-03-29 11:06:00,80.01,80.01,80.01,80.01,1164.0
2019-03-29 11:07:00,80.02,80.02,80.02,80.02,394.0
2019-03-29 11:08:00,80.04,80.04,80.04,80.04,464.0
2019-03-29 11:09:00,80.12,80.12,80.11,80.11,1547.0
2019-03-29 11:10:00,80.08,80.08,80.07,80.07,1156.0
2019-03-29 11:11:00,80.05,80.05,80.05,80.05,777.0
2019-03-29 11:12:00,80.07,80.08,80.07,80.08,3725.0
2019-03-29 11:13:00,80.1,80.1,80.1,80.1,524.0
2019-03-29 11:15:00,80.09,80.1,80.09,80.1,1035.0
2019-03-29 11:16:00,80.14,80.14,80.14,80.14,664.0
2019-03-29 11:18:00,80.19,80.2,80.18,80.18,3146.0
2019-03-29 11:19:00,80.18,80.18,80.18,80.18,1535.0
2019-03-29 11:20:00,80.19,80.19,80.17,80.17,1469.0
2019-03-29 11:22:00,80.18,80.18,80.17,80.17,2220.0
2019-03-29 11:23:00,80.15,80.15,80.15,80.15,1483.0
2019-03-29 11:24:00,80.15,80.175,80.15,80.175,1676.0
2019-03-29 11:25:00,80.17,80.19,80.17,80.19,2900.0
2019-03-29 11:26:00,80.2,80.2,80.2,80.2,1766.0
2019-03-29 11:27:00,80.21,80.23,80.21,80.23,2228.0
2019-03-29 11:28:00,80.19,80.19,80.19,80.19,814.0
2019-03-29 11:29:00,80.18,80.19,80.18,80.19,2217.0
2019-03-29 11:30:00,80.21,80.245,80.21,80.245,1617.0
2019-03-29 11:31:00,80.21,80.24,80.21,80.24,2231.0
2019-03-29 11:32:00,80.31,80.31,80.27,80.27,2422.0
2019-03-29 11:34:00,80.24,80.24,80.23,80.23,1733.0
2019-03-29 11:36:00,80.27,80.27,80.22,80.22,1245.0
2019-03-29 11:37:00,80.22,80.22,80.22,80.22,577.0
2019-03-29 11:38:00,80.25,80.25,80.25,80.25,2728.0
2019-03-29 11:39:00,80.27,80.27,80.27,80.27,1620.0
2019-03-29 11:40:00,80.29,80.29,80.29,80.29,501.0
2019-03-29 11:41:00,80.29,80.29,80.27,80.27,2277.0
2019-03-29 11:42:00,80.24,80.24,80.24,80.24,373.0
2019-03-29 11:43:00,80.26,80.29,80.26,80.29,3907.0
2019-03-29 11:44:00,80.29,80.29,80.285,80.285,2201.0
2019-03-29 11:45:00,80.27,80.27,80.27,80.27,705.0
2019-03-29 11:46:00,80.26,80.26,80.26,80.26,604.0
2019-03-29 11:47:00,80.24,80.24,80.21,80.21,1920.0
2019-03-29 11:48:00,80.225,80.225,80.225,80.225,1666.0
2019-03-29 11:49:00,80.27,80.27,80.27,80.27,474.0
2019-03-29 11:50:00,80.27,80.27,80.25,80.25,1201.0
2019-03-29 11:51:00,80.23,80.23,80.23,80.23,1022.0
2019-03-29 11:52:00,80.26,80.26,80.26,80.26,784.0
2019-03-29 11:53:00,80.245,80.245,80.245,80.245,548.0
2019-03-29 11:54:00,80.24,80.24,80.23,80.23,1102.0
2019-03-29 11:56:00,80.215,80.215,80.215,80.215,646.0
2019-03-29 11:57:00,80.21,80.21,80.21,80.21,362.0
2019-03-29 11:58:00,80.23,80.23,80.21,80.21,2455.0
2019-03-29 11:59:00,80.21,80.21,80.18,80.18,1699.0
2019-03-29 12:00:00,80.17,80.17,80.17,80.17,706.0
2019-03-29 12:01:00,80.11,80.12,80.11,80.12,2092.0
2019-03-29 12:02:00,80.11,80.11,80.11,80.11,505.0
2019-03-29 12:03:00,80.11,80.11,80.11,80.11,601.0
2019-03-29 12:04:00,80.14,80.15,80.14,80.15,1808.0
2019-03-29 12:05:00,80.19,80.19,80.17,80.17,1698.0
2019-03-29 12:06:00,80.1575,80.1575,80.155,80.155,3296.0
2019-03-29 12:07:00,80.15,80.15,80.14,80.14,1877.0
2019-03-29 12:08:00,80.16,80.16,80.14,80.14,1949.0
2019-03-29 12:09:00,80.16,80.16,80.16,80.16,694.0
2019-03-29 12:10:00,80.16,80.16,80.16,80.16,746.0
2019-03-29 12:11:00,80.19,80.19,80.19,80.19,1413.0
2019-03-29 12:12:00,80.21,80.21,80.21,80.21,682.0
2019-03-29 12:13:00,80.23,80.24,80.23,80.24,1524.0
2019-03-29 12:14:00,80.22,80.23,80.22,80.23,2078.0
2019-03-29 12:15:00,80.22,80.22,80.22,80.22,5398.0
2019-03-29 12:16:00,80.22,80.22,80.22,80.22,1344.0
2019-03-29 12:17:00,80.25,80.26,80.25,80.26,1631.0
2019-03-29 12:18:00,80.26,80.26,80.26,80.26,1952.0
2019-03-29 12:19:00,80.26,80.26,80.26,80.26,873.0
2019-03-29 12:20:00,80.28,80.3,80.28,80.3,3855.0
2019-03-29 12:21:00,80.33,80.33,80.32,80.32,4248.0
2019-03-29 12:22:00,80.29,80.29,80.29,80.29,747.0
2019-03-29 12:23:00,80.33,80.33,80.33,80.33,994.0
2019-03-29 12:24:00,80.35,80.35,80.35,80.35,300.0
2019-03-29 12:25:00,80.32,80.32,80.32,80.32,1449.0
2019-03-29 12:26:00,80.33,80.33,80.33,80.33,439.0
2019-03-29 12:27:00,80.34,80.34,80.33,80.33,2072.0
2019-03-29 12:28:00,80.37,80.37,80.37,80.37,699.0
2019-03-29 12:29:00,80.39,80.42,80.39,80.42,1299.0
2019-03-29 12:30:00,80.43,80.43,80.41,80.41,3153.0
2019-03-29 12:31:00,80.41,80.41,80.41,80.41,579.0
2019-03-29 12:32:00,80.43,80.43,80.43,80.43,761.0
2019-03-29 12:33:00,80.44,80.44,80.44,80.44,482.0
2019-03-29 12:35:00,80.48,80.48,80.47,80.47,2044.0
2019-03-29 12:36:00,80.47,80.48,80.47,80.48,1672.0
2019-03-29 12:37:00,80.47,80.48,80.47,80.48,3947.0
2019-03-29 12:38:00,80.45,80.48,80.45,80.47,6336.0
2019-03-29 12:39:00,80.47,80.47,80.46,80.465,2677.0
2019-03-29 12:40:00,80.49,80.49,80.49,80.49,708.0
2019-03-29 12:41:00,80.5,80.5,80.5,80.5,754.0
2019-03-29 12:42:00,80.49,80.49,80.47,80.47,2187.0
2019-03-29 12:44:00,80.46,80.46,80.46,80.46,306.0
2019-03-29 12:45:00,80.405,80.405,80.405,80.405,977.0
2019-03-29 12:46:00,80.42,80.45,80.42,80.45,1750.0
2019-03-29 12:47:00,80.42,80.42,80.42,80.42,402.0
2019-03-29 12:48:00,80.4,80.41,80.4,80.41,1265.0
2019-03-29 12:49:00,80.41,80.41,80.41,80.41,304.0
2019-03-29 12:50:00,80.42,80.42,80.42,80.42,579.0
2019-03-29 12:51:00,80.42,80.42,80.39,80.39,2189.0
2019-03-29 12:52:00,80.365,80.365,80.365,80.365,262.0
2019-03-29 12:53:00,80.355,80.355,80.35,80.355,2194.0
2019-03-29 12:54:00,80.36,80.36,80.36,80.36,1045.0
2019-03-29 12:55:00,80.38,80.38,80.38,80.38,504.0
2019-03-29 12:56:00,80.39,80.42,80.39,80.42,2966.0
2019-03-29 12:57:00,80.41,80.41,80.41,80.41,117.0
2019-03-29 12:58:00,80.42,80.42,80.42,80.42,1089.0
2019-03-29 12:59:00,80.435,80.435,80.435,80.435,226.0
2019-03-29 13:01:00,80.41,80.43,80.41,80.43,7780.0
2019-03-29 13:02:00,80.42,80.42,80.41,80.41,1849.0
2019-03-29 13:03:00,80.42,80.42,80.4,80.4,5939.0
2019-03-29 13:04:00,80.4,80.4,80.39,80.39,1406.0
2019-03-29 13:05:00,80.39,80.39,80.38,80.38,1829.0
2019-03-29 13:06:00,80.37,80.375,80.37,80.375,3214.0
2019-03-29 13:07:00,80.3699,80.39,80.3699,80.39,15011.0
2019-03-29 13:08:00,80.4,80.4,80.4,80.4,325.0
2019-03-29 13:09:00,80.4,80.4,80.4,80.4,918.0
2019-03-29 13:10:00,80.425,80.44,80.425,80.44,1708.0
2019-03-29 13:11:00,80.46,80.46,80.44,80.44,2830.0
2019-03-29 13:12:00,80.43,80.43,80.43,80.43,663.0
2019-03-29 13:13:00,80.41,80.44,80.41,80.44,3520.0
2019-03-29 13:14:00,80.45,80.45,80.45,80.45,444.0
2019-03-29 13:15:00,80.46,80.52,80.46,80.5,7446.0
2019-03-29 13:16:00,80.47,80.47,80.45,80.45,2189.0
2019-03-29 13:17:00,80.46,80.46,80.45,80.45,2607.0
2019-03-29 13:18:00,80.45,80.47,80.425,80.425,13645.0
2019-03-29 13:19:00,80.44,80.44,80.44,80.44,1205.0
2019-03-29 13:20:00,80.4402,80.4402,80.4402,80.4402,1743.0
2019-03-29 13:21:00,80.41,80.41,80.36,80.36,17652.0
2019-03-29 13:22:00,80.35,80.4,80.35,80.4,7103.0
2019-03-29 13:23:00,80.37,80.37,80.37,80.37,804.0
2019-03-29 13:24:00,80.38,80.38,80.37,80.38,4358.0
2019-03-29 13:25:00,80.395,80.4,80.39,80.4,4922.0
2019-03-29 13:26:00,80.4,80.4,80.39,80.39,2131.0
2019-03-29 13:27:00,80.4,80.4,80.395,80.4,1955.0
2019-03-29 13:28:00,80.4,80.4,80.39,80.39,6701.0
2019-03-29 13:29:00,80.4,80.4,80.4,80.4,1869.0
2019-03-29 13:30:00,80.42,80.44,80.42,80.44,2016.0
2019-03-29 13:31:00,80.44,80.44,80.44,80.44,1285.0
2019-03-29 13:32:00,80.44,80.44,80.43,80.43,1069.0
2019-03-29 13:33:00,80.42,80.42,80.42,80.42,1914.0
2019-03-29 13:34:00,80.42,80.43,80.42,80.43,9469.0
2019-03-29 13:35:00,80.43,80.44,80.43,80.44,1512.0
2019-03-29 13:36:00,80.42,80.42,80.42,80.42,775.0
2019-03-29 13:37:00,80.41,80.41,80.37,80.38,5601.0
2019-03-29 13:38:00,80.37,80.38,80.37,80.38,2217.0
2019-03-29 13:39:00,80.37,80.4,80.37,80.4,1116.0
2019-03-29 13:41:00,80.44,80.44,80.44,80.44,2078.0
2019-03-29 13:42:00,80.42,80.44,80.42,80.42,3383.0
2019-03-29 13:43:00,80.44,80.44,80.44,80.44,1062.0
2019-03-29 13:44:00,80.46,80.46,80.46,80.46,1190.0
2019-03-29 13:45:00,80.5045,80.5045,80.5,80.5,2066.0
2019-03-29 13:46:00,80.49,80.49,80.47,80.48,3632.0
2019-03-29 13:47:00,80.42,80.42,80.42,80.42,1057.0
2019-03-29 13:48:00,80.46,80.47,80.46,80.47,4970.0
2019-03-29 13:50:00,80.48,80.51,80.48,80.51,2636.0
2019-03-29 13:51:00,80.52,80.52,80.5,80.5,28140.0
2019-03-29 13:52:00,80.52,80.52,80.52,80.52,489.0
2019-03-29 13:53:00,80.52,80.55,80.52,80.55,2258.0
2019-03-29 13:54:00,80.51,80.54,80.51,80.54,1402.0
2019-03-29 13:55:00,80.53,80.53,80.52,80.52,1371.0
2019-03-29 13:56:00,80.54,80.56,80.53,80.53,7282.0
2019-03-29 13:57:00,80.54,80.54,80.54,80.54,1996.0
2019-03-29 13:59:00,80.585,80.6,80.585,80.59,5175.0
2019-03-29 14:00:00,80.61,80.61,80.595,80.595,3436.0
2019-03-29 14:01:00,80.58,80.58,80.57,80.57,1742.0
2019-03-29 14:02:00,80.58,80.59,80.57,80.59,4726.0
2019-03-29 14:03:00,80.6,80.6,80.6,80.6,847.0
2019-03-29 14:04:00,80.62,80.62,80.62,80.62,600.0
2019-03-29 14:05:00,80.615,80.65,80.615,80.65,3846.0
2019-03-29 14:06:00,80.64,80.64,80.625,80.64,3253.0
2019-03-29 14:07:00,80.65,80.65,80.61,80.61,8442.0
2019-03-29 14:08:00,80.62,80.62,80.62,80.62,488.0
2019-03-29 14:09:00,80.63,80.63,80.63,80.63,4389.0
2019-03-29 14:11:00,80.61,80.6199,80.57,80.57,6377.0
2019-03-29 14:12:00,80.55,80.55,80.55,80.55,1509.0
2019-03-29 14:13:00,80.51,80.51,80.42,80.42,8291.0
2019-03-29 14:14:00,80.42,80.42,80.35,80.35,10121.0
2019-03-29 14:15:00,80.34,80.34,80.28,80.28,20251.0
2019-03-29 14:16:00,80.29,80.32,80.29,80.32,15889.0
2019-03-29 14:17:00,80.31,80.31,80.25,80.25,9353.0
2019-03-29 14:18:00,80.225,80.23,80.21,80.21,5743.0
2019-03-29 14:19:00,80.205,80.215,80.205,80.215,4493.0
2019-03-29 14:20:00,80.22,80.23,80.22,80.23,5915.0
2019-03-29 14:21:00,80.235,80.24,80.2,80.2,3754.0
2019-03-29 14:22:00,80.2,80.25,80.195,80.25,4636.0
2019-03-29 14:23:00,80.23,80.24,80.23,80.23,3259.0
2019-03-29 14:24:00,80.23,80.285,80.23,80.285,3849.0
2019-03-29 14:25:00,80.3,80.3,80.28,80.28,1819.0
2019-03-29 14:26:00,80.29,80.29,80.28,80.29,4115.0
2019-03-29 14:27:00,80.3,80.3,80.28,80.29,4519.0
2019-03-29 14:28:00,80.3,80.3,80.3,80.3,978.0
2019-03-29 14:29:00,80.3,80.33,80.3,80.33,2180.0
2019-03-29 14:30:00,80.34,80.34,80.33,80.33,2133.0
2019-03-29 14:31:00,80.31,80.31,80.29,80.305,3915.0
2019-03-29 14:32:00,80.31,80.31,80.28,80.29,4219.0
2019-03-29 14:33:00,80.31,80.33,80.29,80.29,4377.0
2019-03-29 14:34:00,80.32,80.32,80.315,80.315,4899.0
2019-03-29 14:35:00,80.32,80.32,80.32,80.32,1148.0
2019-03-29 14:36:00,80.31,80.315,80.3,80.3,5149.0
2019-03-29 14:37:00,80.305,80.305,80.305,80.305,509.0
2019-03-29 14:38:00,80.31,80.31,80.31,80.31,1229.0
2019-03-29 14:39:00,80.305,80.305,80.305,80.305,564.0
2019-03-29 14:40:00,80.305,80.315,80.3,80.3,6728.0
2019-03-29 14:41:00,80.3,80.305,80.29,80.305,4919.0
2019-03-29 14:42:00,80.25,80.27,80.24,80.27,8190.0
2019-03-29 14:43:00,80.28,80.28,80.27,80.27,4130.0
2019-03-29 14:44:00,80.3,80.31,80.26,80.26,3739.0
2019-03-29 14:45:00,80.24,80.24,80.24,80.24,1971.0
2019-03-29 14:46:00,80.205,80.225,80.19,80.19,3918.0
2019-03-29 14:47:00,80.175,80.175,80.175,80.175,1067.0
2019-03-29 14:48:00,80.18,80.205,80.18,80.205,2589.0
2019-03-29 14:49:00,80.21,80.21,80.21,80.21,2337.0
2019-03-29 14:50:00,80.22,80.22,80.22,80.22,1591.0
2019-03-29 14:51:00,80.22,80.25,80.21,80.25,3685.0
2019-03-29 14:52:00,80.26,80.31,80.26,80.31,6700.0
2019-03-29 14:53:00,80.31,80.31,80.28,80.28,9808.0
2019-03-29 14:54:00,80.31,80.36,80.31,80.36,4461.0
2019-03-29 14:55:00,80.38,80.4,80.38,80.4,5352.0
2019-03-29 14:56:00,80.41,80.41,80.37,80.37,7480.0
2019-03-29 14:57:00,80.36,80.39,80.35,80.39,4694.0
2019-03-29 14:58:00,80.39,80.4,80.39,80.4,5488.0
2019-03-29 14:59:00,80.4,80.4,80.36,80.36,9048.0
2019-03-29 15:00:00,80.38,80.38,80.38,80.38,476.0
2019-03-29 15:01:00,80.37,80.4,80.37,80.38,5104.0
2019-03-29 15:02:00,80.37,80.4101,80.37,80.4101,3127.0
2019-03-29 15:03:00,80.43,80.43,80.43,80.43,844.0
2019-03-29 15:04:00,80.41,80.41,80.39,80.39,2096.0
2019-03-29 15:05:00,80.4,80.4,80.35,80.35,2427.0
2019-03-29 15:06:00,80.34,80.34,80.32,80.33,2286.0
2019-03-29 15:07:00,80.3,80.3,80.2902,80.2902,2476.0
2019-03-29 15:08:00,80.28,80.31,80.28,80.31,1548.0
2019-03-29 15:09:00,80.31,80.31,80.31,80.31,946.0
2019-03-29 15:10:00,80.3,80.3,80.27,80.27,2598.0
2019-03-29 15:11:00,80.29,80.29,80.29,80.29,1599.0
2019-03-29 15:12:00,80.28,80.28,80.26,80.26,1706.0
2019-03-29 15:13:00,80.26,80.26,80.22,80.22,2531.0
2019-03-29 15:14:00,80.2,80.2,80.2,80.2,1549.0
2019-03-29 15:15:00,80.19,80.19,80.17,80.17,1922.0
2019-03-29 15:16:00,80.18,80.18,80.1445,80.1445,2382.0
2019-03-29 15:17:00,80.16,80.19,80.16,80.19,3123.0
2019-03-29 15:18:00,80.23,80.27,80.23,80.27,1716.0
2019-03-29 15:19:00,80.25,80.25,80.21,80.21,2488.0
2019-03-29 15:20:00,80.2061,80.22,80.19,80.19,3725.0
2019-03-29 15:21:00,80.17,80.17,80.17,80.17,2156.0
2019-03-29 15:22:00,80.165,80.205,80.165,80.18,3580.0
2019-03-29 15:23:00,80.17,80.17,80.17,80.17,1698.0
2019-03-29 15:24:00,80.1538,80.1538,80.13,80.13,2165.0
2019-03-29 15:25:00,80.13,80.13,80.13,80.13,497.0
2019-03-29 15:26:00,80.12,80.14,80.12,80.13,3059.0
2019-03-29 15:27:00,80.17,80.19,80.17,80.19,3002.0
2019-03-29 15:28:00,80.21,80.235,80.21,80.235,3475.0
2019-03-29 15:29:00,80.23,80.23,80.21,80.215,2327.0
2019-03-29 15:30:00,80.21,80.21,80.195,80.2,2893.0
2019-03-29 15:31:00,80.22,80.22,80.18,80.18,4369.0
2019-03-29 15:32:00,80.17,80.19,80.15,80.19,4143.0
2019-03-29 15:33:00,80.2,80.2,80.19,80.2,2361.0
2019-03-29 15:34:00,80.19,80.19,80.18,80.19,2816.0
2019-03-29 15:35:00,80.21,80.21,80.21,80.21,1980.0
2019-03-29 15:36:00,80.255,80.26,80.255,80.26,2629.0
2019-03-29 15:37:00,80.26,80.26,80.23,80.23,2746.0
2019-03-29 15:38:00,80.24,80.255,80.24,80.25,2581.0
2019-03-29 15:39:00,80.255,80.26,80.25,80.26,3511.0
2019-03-29 15:40:00,80.255,80.28,80.255,80.28,3946.0
2019-03-29 15:41:00,80.3,80.3,80.29,80.295,6790.0
2019-03-29 15:42:00,80.31,80.33,80.31,80.33,5957.0
2019-03-29 15:43:00,80.33,80.345,80.32,80.32,3482.0
2019-03-29 15:44:00,80.32,80.37,80.32,80.37,5391.0
2019-03-29 15:45:00,80.36,80.36,80.34,80.35,3177.0
2019-03-29 15:46:00,80.36,80.39,80.36,80.39,12036.0
2019-03-29 15:47:00,80.385,80.385,80.36,80.36,5089.0
2019-03-29 15:48:00,80.37,80.38,80.35,80.35,5487.0
2019-03-29 15:49:00,80.31,80.31,80.28,80.3,7743.0
2019-03-29 15:50:00,80.32,80.32,80.3,80.3,5682.0
2019-03-29 15:51:00,80.305,80.305,80.295,80.295,2580.0
2019-03-29 15:52:00,80.31,80.33,80.31,80.33,10805.0
2019-03-29 15:53:00,80.335,80.335,80.29,80.29,10228.0
2019-03-29 15:54:00,80.295,80.3,80.22,80.28,14911.0
2019-03-29 15:55:00,80.28,80.28,80.16,80.205,19700.0
2019-03-29 15:56:00,80.28,80.35,80.28,80.35,22139.0
2019-03-29 15:57:00,80.335,80.38,80.335,80.355,18079.0
2019-03-29 15:58:00,80.355,80.39,80.355,80.38,11880.0
2019-03-29 15:59:00,80.38,80.44,80.38,80.435,21868.0
2019-03-29 16:00:00,80.41,80.48,80.31,80.4,60638.0
